"PersonId","TDate"
"2","Fri Nov 21 2025 05:00:00 GMT+0500 (Pakistan Standard Time)"
"4","Mon Apr 20 2026 05:00:00 GMT+0500 (Pakistan Standard Time)"
"6","Tue Apr 14 2026 05:00:00 GMT+0500 (Pakistan Standard Time)"
"8","Sat Apr 04 2026 05:00:00 GMT+0500 (Pakistan Standard Time)"
"9","Sat Apr 04 2026 05:00:00 GMT+0500 (Pakistan Standard Time)"
"10","Wed Mar 04 2026 05:00:00 GMT+0500 (Pakistan Standard Time)"
"11","Sun Apr 19 2026 05:00:00 GMT+0500 (Pakistan Standard Time)"
"12","Mon Apr 20 2026 05:00:00 GMT+0500 (Pakistan Standard Time)"
"13","Mon Apr 20 2026 05:00:00 GMT+0500 (Pakistan Standard Time)"
"14","Wed Apr 22 2026 05:00:00 GMT+0500 (Pakistan Standard Time)"
"15","Mon Apr 20 2026 05:00:00 GMT+0500 (Pakistan Standard Time)"
"16","Wed Apr 22 2026 05:00:00 GMT+0500 (Pakistan Standard Time)"
"18","Mon Apr 20 2026 05:00:00 GMT+0500 (Pakistan Standard Time)"
"19","Sat Mar 28 2026 05:00:00 GMT+0500 (Pakistan Standard Time)"
"21","Wed Apr 15 2026 05:00:00 GMT+0500 (Pakistan Standard Time)"
"22","Mon Apr 20 2026 05:00:00 GMT+0500 (Pakistan Standard Time)"
"23","Sun Apr 19 2026 05:00:00 GMT+0500 (Pakistan Standard Time)"
"26","Fri Jan 16 2026 05:00:00 GMT+0500 (Pakistan Standard Time)"
"27","Mon Apr 20 2026 05:00:00 GMT+0500 (Pakistan Standard Time)"
"32","Thu Apr 09 2026 05:00:00 GMT+0500 (Pakistan Standard Time)"
"36","Mon Apr 20 2026 05:00:00 GMT+0500 (Pakistan Standard Time)"
"37","Wed Apr 22 2026 05:00:00 GMT+0500 (Pakistan Standard Time)"
"38","Mon Apr 20 2026 05:00:00 GMT+0500 (Pakistan Standard Time)"
"39","Sun Apr 12 2026 05:00:00 GMT+0500 (Pakistan Standard Time)"
"70","Sat Feb 28 2026 05:00:00 GMT+0500 (Pakistan Standard Time)"
"161",
"165",
"1241","Thu Jan 22 2026 05:00:00 GMT+0500 (Pakistan Standard Time)"
"1252","Mon Apr 06 2026 05:00:00 GMT+0500 (Pakistan Standard Time)"