"DTId","TDate","TType","IsDeposit","Amount","PersonId","BillNo","Note","VchNo"
"1","Thu Jan 01 2026 05:00:00 GMT+0500 (Pakistan Standard Time)","100","0","1755","81","0","Previous Balance","0"
"2","Thu Jan 01 2026 05:00:00 GMT+0500 (Pakistan Standard Time)","2","0","34800","81","810","Sale Invoice# 810Lcd Unit Oppo A15 ZNF C11, 1 @ 1600.00 = 1600.00Lcd Unit Infinix X6525 ZNF, 1 @ 1720.00 = 1720.00Lcd Unit Infinix X653 FORCE, 1 @ 1500.00 = 1500.00Lcd Unit Infinix X657 ZPOWER, 1 @ 1450.00 = 1450.00Lcd Unit Infinix X6515 ZNF X6516, 1 @ 1620.00 = 1620.00Lcd Unit SAMSUNG J7 PRIME GOLDEN, 1 @ 1400.00 = 1400.00Lcd Unit SAMSUNG J5 PRIME GOLDAN, 1 @ 1350.00 = 1350.00Lcd Unit Mi REDMI 12 GC, 1 @ 2100.00 = 2100.00Lcd Unit Infinix X680 ZNF, 2 @ 1750.00 = 3500.00Lcd Unit Infinix X6531 ZNF X6532, 1 @ 1800.00 = 1800.00Lcd Unit Vivo Y21 GC, 1 @ 1500.00 = 1500.00Lcd Unit Vivo Y20 ZNF Y21, 1 @ 1600.00 = 1600.00Lcd Unit Itel A25 A25 PRO, 1 @ 1400.00 = 1400.00Lcd Unit Infinix X688 Z POWER, 1 @ 1650.00 = 1650.00Lcd Unit SAMSUNG A10 FORCE, 1 @ 1500.00 = 1500.00Lcd Unit Oppo A37 WHITE JP, 1 @ 1200.00 = 1200.00Lcd Unit Infinix X657 ZNF, 1 @ 1550.00 = 1550.00Lcd Unit Infinix X653 FORCE, 1 @ 1500.00 = 1500.00Lcd Unit Infinix X6512 ZNF, 1 @ 1650.00 = 1650.00Back Tecno SPARK 6 GO BLUE, 1 @ 290.00 = 290.00BOARD FLEX Infinix X653  V1.3, 1 @ 150.00 = 150.00Battery Vivo S1 SUN, 1 @ 1020.00 = 1020.00Lcd Unit IPHONE 6SPLUS COPY, 1 @ 1750.00 = 1750.00","0"
"3","Thu Jan 01 2026 05:00:00 GMT+0500 (Pakistan Standard Time)","2","0","9910","81","811","Sale Invoice# 811Lcd Unit Infinix X6816 ZNF X6817, 1 @ 1820.00 = 1820.00Lcd Unit Vivo Y11 ZNF GC, 1 @ 1600.00 = 1600.00Lcd Unit Infinix X657 ZNF, 1 @ 1550.00 = 1550.00Lcd Unit Vivo Y20 ZNF Y21, 1 @ 1600.00 = 1600.00Lcd Unit SAMSUNG A02S ZNF A03S, 1 @ 1600.00 = 1600.00Lcd Unit Infinix X650 ZNF CROWN, 1 @ 1520.00 = 1520.00CHARGING POT Infinix X6525B, 1 @ 220.00 = 220.00","0"
"4","Thu Jan 01 2026 05:00:00 GMT+0500 (Pakistan Standard Time)","2","1","35000","81","0","Cash received, Voucher# 20260101000410000
10000
15000
","202601010004"
"5","Thu Jan 01 2026 05:00:00 GMT+0500 (Pakistan Standard Time)","2","0","18170","81","817","Sale Invoice# 817Lcd Unit Infinix X650 ZNF CROWN, 1 @ 1520.00 = 1520.00Lcd Unit Vivo Y33S Y52S ZNF GC, 1 @ 1850.00 = 1850.00Lcd Unit Infinix X6816 ZNF X6817, 1 @ 1820.00 = 1820.00Lcd Unit Vivo Y20 ZNF Y21, 1 @ 1600.00 = 1600.00Lcd Unit Infinix X6512 ZNF, 1 @ 1650.00 = 1650.00Lcd Unit Oppo F9 FORCE, 1 @ 1520.00 = 1520.00Incel SAMSUNG A30S INCEL, 1 @ 1800.00 = 1800.00Incel SAMSUNG A31 INCEL, 1 @ 1950.00 = 1950.00Lcd Unit Infinix X6525 ZNF, 2 @ 1720.00 = 3440.00Battery Vivo Y20 FORCE, 1 @ 1020.00 = 1020.00","0"
"6","Thu Jan 01 2026 05:00:00 GMT+0500 (Pakistan Standard Time)","2","1","20000","81","817","Cash received, Voucher# 202601010024Cash Sale, BillNo:817","202601010024"
"7","Sat Jan 03 2026 05:00:00 GMT+0500 (Pakistan Standard Time)","2","0","9060","81","823","Sale Invoice# 823Lcd Unit Vivo Y02 CROWN, 1 @ 1650.00 = 1650.00Lcd Unit Infinix X682 ZNF, 1 @ 1950.00 = 1950.00Lcd Unit Oppo A5S ZNF, 1 @ 1570.00 = 1570.00Battery Infinix 49FX FALCON, 2 @ 1420.00 = 2840.00Battery Infinix 49FX BT FORCE, 1 @ 1050.00 = 1050.00","0"
"8","Sat Jan 03 2026 05:00:00 GMT+0500 (Pakistan Standard Time)","2","1","14000","81","823","Cash received, Voucher# 202601030001Cash Sale, BillNo:823","202601030001"
"9","Sat Jan 03 2026 05:00:00 GMT+0500 (Pakistan Standard Time)","2","0","16430","81","827","Sale Invoice# 827Lcd Unit Infinix X688 FALCON, 1 @ 1850.00 = 1850.00Lcd Unit Infinix X6525 ZNF, 2 @ 1720.00 = 3440.00Lcd Unit Vivo Y20 ZNF Y21, 3 @ 1600.00 = 4800.00Lcd Unit Oppo A53 ZNF A54, 1 @ 1750.00 = 1750.00Lcd Unit Infinix X6515 ZNF X6516, 1 @ 1700.00 = 1700.00Lcd Unit Infinix X657 ZNF, 1 @ 1520.00 = 1520.00Lcd Unit Oppo A57 789 WHITE, 1 @ 1370.00 = 1370.00","0"
"10","Sat Jan 03 2026 05:00:00 GMT+0500 (Pakistan Standard Time)","2","1","10000","81","827","Cash received, Voucher# 202601030020Cash Sale, BillNo:827","202601030020"
"11","Sat Jan 03 2026 05:00:00 GMT+0500 (Pakistan Standard Time)","2","0","7550","81","829","Sale Invoice# 829Lcd Unit Infinix X655 ZNF, 1 @ 1720.00 = 1720.00Lcd Unit Vivo Y20 ZNF Y21, 1 @ 1600.00 = 1600.00Lcd Unit Huawei NOVA3I SUNLONG, 1 @ 2100.00 = 2100.00Battery Infinix 49FX BT FORCE, 1 @ 1050.00 = 1050.00Battery SAMSUNG S6, 1 @ 800.00 = 800.00Back SAMSUNG S6 EDGE GOLDEN, 1 @ 280.00 = 280.00","0"
"12","Tue Jan 06 2026 05:00:00 GMT+0500 (Pakistan Standard Time)","2","0","13640","81","843","Sale Invoice# 843Lcd Unit Infinix X650 ZNF CROWN, 1 @ 1550.00 = 1550.00Lcd Unit Infinix X6816 ZNF X6817, 1 @ 1820.00 = 1820.00Lcd Unit SAMSUNG J5 PRIME GOLDAN, 1 @ 1350.00 = 1350.00Lcd Unit Infinix X688 FALCON, 1 @ 1850.00 = 1850.00Lcd Unit Tecno VISION3U ZPOWER, 1 @ 1470.00 = 1470.00Lcd Unit Huawei Y6P2020 HX, 1 @ 1750.00 = 1750.00Battery Infinix 49FX BT FORCE, 2 @ 1050.00 = 2100.00Lcd Unit HUAWEI NOVA3I JP, 1 @ 1750.00 = 1750.00","0"
"13","Tue Jan 06 2026 05:00:00 GMT+0500 (Pakistan Standard Time)","8","0","4940","81","260106002","Sale Return# 260106002Lcd Unit Huawei NOVA3I SUNLONG, Returned Qty: 1 @ 2100.00 = 2100.00Battery Infinix 49FX FALCON, Returned Qty: 2 @ 1420.00 = 2840.00","0"
"14","Tue Jan 06 2026 05:00:00 GMT+0500 (Pakistan Standard Time)","2","1","20000","81","0","Cash received, Voucher# 202601060002","202601060002"
"15","Wed Jan 07 2026 05:00:00 GMT+0500 (Pakistan Standard Time)","2","0","10750","81","845","Sale Invoice# 845Lcd Unit Vivo Y11 ZNF GC, 1 @ 1600.00 = 1600.00Lcd Unit Infinix X652U ZNF, 1 @ 1720.00 = 1720.00Lcd Unit Infinix X655 Z POWER, 1 @ 1620.00 = 1620.00Lcd Unit SAMSUNG A10 FORCE, 1 @ 1500.00 = 1500.00Lcd Unit Vivo Y02U Z POWER, 1 @ 1520.00 = 1520.00Battery Vivo Y20 FORCE, 1 @ 1020.00 = 1020.00Battery SAMSUNG Y21 FORCE Y33S, 1 @ 1020.00 = 1020.00Battery SAMSUNG A710 SUN J7 PRIME, 1 @ 750.00 = 750.00","0"
"16","Wed Jan 07 2026 05:00:00 GMT+0500 (Pakistan Standard Time)","2","1","10000","81","845","Cash received, Voucher# 202601070001Cash Sale, BillNo:845","202601070001"
"17","Thu Jan 08 2026 05:00:00 GMT+0500 (Pakistan Standard Time)","2","0","7250","81","852","Sale Invoice# 852Lcd Unit Realmi C61 GC C63, 1 @ 1800.00 = 1800.00Lcd Unit Tecno LC7 GC, 1 @ 1850.00 = 1850.00Lcd Unit Vivo Y20 ZNF Y21, 1 @ 1600.00 = 1600.00Lcd Unit Sparx NEW X, 1 @ 2000.00 = 2000.00","0"
"18","Thu Jan 08 2026 05:00:00 GMT+0500 (Pakistan Standard Time)","2","1","10000","81","852","Cash received, Voucher# 202601080017Cash Sale, BillNo:852","202601080017"
"19","Fri Jan 09 2026 05:00:00 GMT+0500 (Pakistan Standard Time)","2","0","8420","81","855","Sale Invoice# 855Lcd Unit Vivo V11U JX, 1 @ 1670.00 = 1670.00Lcd Unit Infinix X688 ZNF, 2 @ 1800.00 = 3600.00Lcd Unit Vivo Y20 ZNF Y21, 1 @ 1600.00 = 1600.00Lcd Unit Oppo A5S ZNF, 1 @ 1550.00 = 1550.00","0"
"20","Fri Jan 09 2026 05:00:00 GMT+0500 (Pakistan Standard Time)","2","1","10000","81","855","Cash received, Voucher# 202601090001Cash Sale, BillNo:855","202601090001"
"21","Sat Jan 10 2026 05:00:00 GMT+0500 (Pakistan Standard Time)","2","0","10750","81","862","Sale Invoice# 862Lcd Unit Vivo Y90 ZNF Y91, 1 @ 1550.00 = 1550.00Lcd Unit Infinix X680 ZNF, 1 @ 1750.00 = 1750.00Lcd Unit Oppo A15 ZNF C11, 1 @ 1600.00 = 1600.00Lcd Unit Infinix X657 CROWN, 2 @ 1550.00 = 3100.00Lcd Unit Infinix X692 OG MEETO, 1 @ 2150.00 = 2150.00Body TECNO SAPRK 6 GO  BLACK, 1 @ 600.00 = 600.00","0"
"22","Sat Jan 10 2026 05:00:00 GMT+0500 (Pakistan Standard Time)","2","0","10790","81","863","Sale Invoice# 863Lcd Unit Vivo Y33S Y52S ZNF GC, 1 @ 1850.00 = 1850.00Lcd Unit Infinix X657 ZNF, 1 @ 1520.00 = 1520.00Incel Infinix X663 INCEL FORCE, 1 @ 1800.00 = 1800.00Lcd Unit Infinix X6816 ZNF X6817, 1 @ 1820.00 = 1820.00Lcd Unit Infinix X682 WD, 1 @ 1770.00 = 1770.00Battery Infinix 49FX BT FORCE, 1 @ 1050.00 = 1050.00Battery Infinix 39LT FORCE, 1 @ 980.00 = 980.00","0"
"23","Sat Jan 10 2026 05:00:00 GMT+0500 (Pakistan Standard Time)","2","1","15000","81","863","Cash received, Voucher# 202601100001Cash Sale, BillNo:863","202601100001"
"24","Sat Jan 10 2026 05:00:00 GMT+0500 (Pakistan Standard Time)","2","0","15940","81","869","Sale Invoice# 869Lcd Unit Vivo Y90 ZNF Y91, 2 @ 1550.00 = 3100.00Lcd Unit Infinix X657 ZNF, 1 @ 1520.00 = 1520.00Lcd Unit Oppo A5S ZNF, 1 @ 1550.00 = 1550.00Lcd Unit Vivo Y20 ZNF Y21, 1 @ 1600.00 = 1600.00Lcd Unit Huawei Y6 PRIME 2019 MEETO, 1 @ 1560.00 = 1560.00Lcd Unit Oppo A1K MEETO, 1 @ 1570.00 = 1570.00LCD UNIT X Smart NOVA 7, 1 @ 2850.00 = 2850.00Battery Huawei Y52017 SUN, 1 @ 790.00 = 790.00Battery Oppo A1K SUN--, 1 @ 900.00 = 900.00Body Oppo A1K RED, 1 @ 500.00 = 500.00","0"
"25","Sat Jan 10 2026 05:00:00 GMT+0500 (Pakistan Standard Time)","2","1","14000","81","869","Cash received, Voucher# 202601100017Cash Sale, BillNo:869","202601100017"
"26","Wed Jan 14 2026 05:00:00 GMT+0500 (Pakistan Standard Time)","2","0","11040","81","881","Sale Invoice# 881Lcd Unit Vivo Y81 ZNF, 1 @ 1520.00 = 1520.00Lcd Unit SAMSUNG A02S ZNF A03S, 1 @ 1600.00 = 1600.00Lcd Unit Infinix X6515 ZNF X6516, 1 @ 1650.00 = 1650.00Lcd Unit SAMSUNG A02 ZNF A12, 1 @ 1600.00 = 1600.00ORG SHAD SAMSUNG J110U ORG SHAD, 1 @ 1600.00 = 1600.00Lcd Unit Infinix X657 ZNF, 1 @ 1550.00 = 1550.00Lcd Unit Mi 9A FORCE 9C, 1 @ 1520.00 = 1520.00","0"
"27","Wed Jan 14 2026 05:00:00 GMT+0500 (Pakistan Standard Time)","2","0","12630","81","882","Sale Invoice# 882Lcd Unit Infinix X657 ZNF, 2 @ 1550.00 = 3100.00Incel Oppo RENO2U INCELL, 1 @ 2100.00 = 2100.00Lcd Unit Infinix X680 ZNF, 1 @ 1750.00 = 1750.00Lcd Unit Oppo A53 ZNF A54, 1 @ 1750.00 = 1750.00Lcd Unit SAMSUNG A02 ZNF A12, 1 @ 1600.00 = 1600.00Battery Infinix 49FX BT FORCE, 1 @ 1050.00 = 1050.00Battery Vivo Y11 AAA Y12 Y15 Y19, 1 @ 950.00 = 950.00CHARGING POT Infinix X6531, 1 @ 330.00 = 330.00","0"
"28","Wed Jan 14 2026 05:00:00 GMT+0500 (Pakistan Standard Time)","2","1","15000","81","882","Cash received, Voucher# 202601140001Cash Sale, BillNo:882","202601140001"
"29","Wed Jan 14 2026 05:00:00 GMT+0500 (Pakistan Standard Time)","2","1","15000","81","0","Cash received, Voucher# 202601140004","202601140004"
"30","Thu Jan 15 2026 05:00:00 GMT+0500 (Pakistan Standard Time)","2","0","12120","81","890","Sale Invoice# 890Lcd Unit Infinix X650 ZNF CROWN, 1 @ 1550.00 = 1550.00Lcd Unit Vivo Y11 ZNF GC, 1 @ 1600.00 = 1600.00Lcd Unit SAMSUNG A04 GC, 1 @ 1850.00 = 1850.00Lcd Unit Huawei Y9 2019 FUTURE, 1 @ 1700.00 = 1700.00Lcd Unit Infinix X662 JK, 1 @ 1550.00 = 1550.00Lcd Unit Infinix X692U HX, 1 @ 2150.00 = 2150.00Lcd Unit Tecno CAMON17 GC SPARK7PRO, 1 @ 1720.00 = 1720.00","0"
"31","Thu Jan 15 2026 05:00:00 GMT+0500 (Pakistan Standard Time)","2","1","10000","81","0","Cash received, Voucher# 202601150002HAND","202601150002"
"32","Fri Jan 16 2026 05:00:00 GMT+0500 (Pakistan Standard Time)","2","0","9370","81","894","Sale Invoice# 894Incel Infinix X663 INCEL FORCE, 1 @ 1800.00 = 1800.00Lcd Unit Vivo Y90 ZNF Y91, 1 @ 1550.00 = 1550.00Lcd Unit Infinix X652U ZNF, 1 @ 1720.00 = 1720.00Lcd Unit Infinix X680 ZNF, 1 @ 1750.00 = 1750.00Lcd Unit Infinix X6515 ZNF X6516, 1 @ 1650.00 = 1650.00FRONT SPEAKER FLEX Iphone IPHONE X, 1 @ 900.00 = 900.00","0"
"33","Fri Jan 16 2026 05:00:00 GMT+0500 (Pakistan Standard Time)","2","1","10000","81","894","Cash received, Voucher# 202601160002Cash Sale, BillNo:894","202601160002"
"34","Sat Jan 17 2026 05:00:00 GMT+0500 (Pakistan Standard Time)","2","0","16080","81","902","Sale Invoice# 902Lcd Unit Vivo Y11 ZNF GC, 2 @ 1600.00 = 3200.00Lcd Unit Oppo A53 ZNF A54, 1 @ 1750.00 = 1750.00Lcd Unit Infinix X688 ZNF, 1 @ 1800.00 = 1800.00Lcd Unit Vivo Y20 ZNF Y21, 1 @ 1600.00 = 1600.00Lcd Unit Infinix X6831 ZNF, 1 @ 1950.00 = 1950.00Lcd Unit Oppo A3S ZNF, 1 @ 1550.00 = 1550.00Lcd Unit Infinix X6515 ZNF X6516, 1 @ 1650.00 = 1650.00Lcd Unit Vivo Y02U Z POWER, 1 @ 1600.00 = 1600.00Battery Infinix 39LT FORCE, 1 @ 980.00 = 980.00","0"
"35","Sat Jan 17 2026 05:00:00 GMT+0500 (Pakistan Standard Time)","2","1","10000","81","902","Cash received, Voucher# 202601170002Cash Sale, BillNo:902","202601170002"
"36","Sun Jan 18 2026 05:00:00 GMT+0500 (Pakistan Standard Time)","2","0","6770","81","905","Sale Invoice# 905Lcd Unit Oppo A3S ZNF, 1 @ 1550.00 = 1550.00Lcd Unit Vivo Y20 ZNF Y21, 1 @ 1620.00 = 1620.00Incel SAMSUNG A51 INCEL, 1 @ 2050.00 = 2050.00Lcd Unit Oppo A52020U ZNF, 1 @ 1550.00 = 1550.00","0"
"37","Sun Jan 18 2026 05:00:00 GMT+0500 (Pakistan Standard Time)","2","1","10000","81","905","Cash received, Voucher# 202601180001Cash Sale, BillNo:905","202601180001"
"38","Sun Jan 18 2026 05:00:00 GMT+0500 (Pakistan Standard Time)","2","0","4970","81","908","Sale Invoice# 908Lcd Unit Infinix X680 ZNF, 1 @ 1750.00 = 1750.00Lcd Unit Oppo A15 ZNF C11, 1 @ 1620.00 = 1620.00Lcd Unit SAMSUNG A13  OG GCB OT, 1 @ 1600.00 = 1600.00","0"
"39","Sun Jan 18 2026 05:00:00 GMT+0500 (Pakistan Standard Time)","2","1","10000","81","908","Cash received, Voucher# 202601180003Cash Sale, BillNo:908","202601180003"
"40","Wed Jan 21 2026 05:00:00 GMT+0500 (Pakistan Standard Time)","2","0","13850","81","922","Sale Invoice# 922Lcd Unit Realmi C51 GC C53, 1 @ 1700.00 = 1700.00Lcd Unit Oppo A5S ZNF, 1 @ 1550.00 = 1550.00Lcd Unit Infinix X6515U Z POWER, 1 @ 1600.00 = 1600.00Lcd Unit Vivo Y20 ZNF Y21, 2 @ 1620.00 = 3240.00Lcd Unit Oppo A15 ZNF C11, 1 @ 1620.00 = 1620.00Lcd Unit Oppo A53 ZNF A54, 1 @ 1750.00 = 1750.00Battery SAMSUNG Y21 FORCE Y33S, 1 @ 1020.00 = 1020.00Parts/tool China GELAS WIRE MACHANICE, 1 @ 300.00 = 300.00Body Infinix X6515 - SMART 7 BLUE, 1 @ 750.00 = 750.00Back Oppo A76 BLACK, 1 @ 320.00 = 320.00","0"
"41","Wed Jan 21 2026 05:00:00 GMT+0500 (Pakistan Standard Time)","2","1","15000","81","922","Cash received, Voucher# 202601210004Cash Sale, BillNo:922","202601210004"
"42","Thu Jan 22 2026 05:00:00 GMT+0500 (Pakistan Standard Time)","2","0","6470","81","928","Sale Invoice# 928Lcd Unit Vivo Y20 ZNF Y21, 1 @ 1620.00 = 1620.00Lcd Unit Oppo A53 ZNF A54, 1 @ 1750.00 = 1750.00Lcd Unit Infinix X657 ZNF, 1 @ 1550.00 = 1550.00Lcd Unit Infinix X653 ZNF GC FALCONE, 1 @ 1550.00 = 1550.00","0"
"43","Fri Jan 23 2026 05:00:00 GMT+0500 (Pakistan Standard Time)","2","0","17220","81","934","Sale Invoice# 934Lcd Unit Oppo A1KU ZNF, 1 @ 1620.00 = 1620.00Lcd Unit Infinix X6831 ZNF, 1 @ 1950.00 = 1950.00Lcd Unit Infinix X6515 ZNF X6516, 2 @ 1650.00 = 3300.00Lcd Unit Vivo Y20 ZNF Y21, 1 @ 1620.00 = 1620.00Lcd Unit Oppo A5S ZNF, 1 @ 1550.00 = 1550.00Incel Vivo S1 INCELL, 1 @ 1750.00 = 1750.00Lcd Unit Mi 9TU ZNF, 1 @ 1650.00 = 1650.00Lcd Unit Mi 14C C75 JP, 1 @ 1750.00 = 1750.00Battery Infinix 39LT FORCE, 1 @ 980.00 = 980.00Battery Infinix 49FX BT FORCE, 1 @ 1050.00 = 1050.00","0"
"44","Fri Jan 23 2026 05:00:00 GMT+0500 (Pakistan Standard Time)","2","1","15000","81","934","Cash received, Voucher# 202601230002Cash Sale, BillNo:934","202601230002"
"45","Sun Jan 25 2026 05:00:00 GMT+0500 (Pakistan Standard Time)","2","0","16610","81","951","Sale Invoice# 951Lcd Unit Vivo Y03 GM  FORCE, 1 @ 1650.00 = 1650.00Lcd Unit SAMSUNG A05 OG CROWN, 1 @ 1650.00 = 1650.00Lcd Unit Vivo Y20 ZNF Y21, 1 @ 1620.00 = 1620.00Lcd Unit Vivo Y33S Y52S ZNF GC, 1 @ 1850.00 = 1850.00Lcd Unit Vivo Y11 ZNF GC, 1 @ 1620.00 = 1620.00Lcd Unit Infinix X655 ZNF, 1 @ 1620.00 = 1620.00Lcd Unit Infinix X6831 GC X6833, 1 @ 1950.00 = 1950.00Lcd Unit Infinix X693 MEETO, 1 @ 2050.00 = 2050.00Lcd Unit SAMSUNG J4PLUSU GC, 1 @ 1550.00 = 1550.00Battery Infinix 49FX BT FORCE, 1 @ 1050.00 = 1050.00","0"
"46","Sun Jan 25 2026 05:00:00 GMT+0500 (Pakistan Standard Time)","2","1","20000","81","951","Cash received, Voucher# 202601250009Cash Sale, BillNo:951","202601250009"
"47","Mon Jan 26 2026 05:00:00 GMT+0500 (Pakistan Standard Time)","2","0","10530","81","955","Sale Invoice# 955Incel Infinix X663 INCEL FORCE, 1 @ 1800.00 = 1800.00Lcd Unit Infinix X653 FORCE, 1 @ 1550.00 = 1550.00Lcd Unit Infinix X682 WD, 1 @ 1770.00 = 1770.00Lcd Unit Oppo A3S GC, 1 @ 1570.00 = 1570.00Lcd Unit Oppo A1KU ZNF, 1 @ 1620.00 = 1620.00Lcd Unit Huawei Y9PRIME2019 MEETO, 1 @ 1620.00 = 1620.00Back Huawei Y9PRIME2019 BLUE, 1 @ 280.00 = 280.00Back Tecno POP5LITE SKY BLU, 1 @ 320.00 = 320.00","0"
"48","Mon Jan 26 2026 05:00:00 GMT+0500 (Pakistan Standard Time)","2","1","10000","81","0","Cash received, Voucher# 202601260002","202601260002"
"49","Tue Jan 27 2026 05:00:00 GMT+0500 (Pakistan Standard Time)","2","0","8320","81","963","Sale Invoice# 963Lcd Unit Infinix X657 ZNF, 1 @ 1550.00 = 1550.00Lcd Unit Vivo Y20 SUNLONG, 1 @ 1750.00 = 1750.00Lcd Unit Infinix X6525 ZNF, 1 @ 1720.00 = 1720.00Lcd Unit SAMSUNG A06 OG, 1 @ 1600.00 = 1600.00Lcd Unit Mi A3 NEW GM, 1 @ 1700.00 = 1700.00","0"
"50","Tue Jan 27 2026 05:00:00 GMT+0500 (Pakistan Standard Time)","2","1","15000","81","963","Cash received, Voucher# 202601270005Cash Sale, BillNo:963","202601270005"
"51","Wed Jan 28 2026 05:00:00 GMT+0500 (Pakistan Standard Time)","2","0","14320","81","969","Sale Invoice# 969Incel SAMSUNG A51 INCEL, 1 @ 2100.00 = 2100.00Incel Oppo F15 INCELL F17, 1 @ 1750.00 = 1750.00Lcd Unit Realmi C21Y FORCE, 1 @ 1650.00 = 1650.00Lcd Unit Infinix X650 ZNF CROWN, 2 @ 1600.00 = 3200.00Lcd Unit Vivo Y20 SUNLONG, 2 @ 1750.00 = 3500.00Lcd Unit Infinix X6816 ZNF X6817, 1 @ 1920.00 = 1920.00CHARGING POT Infinix X690, 1 @ 200.00 = 200.00","0"
"52","Wed Jan 28 2026 05:00:00 GMT+0500 (Pakistan Standard Time)","2","1","10000","81","969","Cash received, Voucher# 202601280002Cash Sale, BillNo:969","202601280002"
"53","Fri Jan 30 2026 05:00:00 GMT+0500 (Pakistan Standard Time)","2","0","22850","81","981","Sale Invoice# 981Lcd Unit Vivo Y11 ZNF GC, 2 @ 1620.00 = 3240.00Lcd Unit Itel A48 S15, 1 @ 1600.00 = 1600.00Lcd Unit Oppo A5S ZNF, 1 @ 1570.00 = 1570.00Lcd Unit Infinix X6816 ZNF X6817, 1 @ 1880.00 = 1880.00Lcd Unit Oppo A52020U ZNF, 1 @ 1570.00 = 1570.00Lcd Unit Oppo F11 ZNF, 1 @ 1670.00 = 1670.00Lcd Unit Infinix X695 MEETO, 1 @ 2070.00 = 2070.00Lcd Unit SAMSUNG J7 PRIME BLACK, 1 @ 1400.00 = 1400.00Lcd Unit Oppo A3S ZNF, 1 @ 1570.00 = 1570.00Lcd Unit Vivo Y81 ZNF, 1 @ 1550.00 = 1550.00Battery Iphone 12PRO FALCON, 1 @ 2000.00 = 2000.00Battery MI BN54 AAA, 1 @ 800.00 = 800.00CHARGING POT Oppo A53, 1 @ 230.00 = 230.00Incel Oppo F15 INCELL F17, 1 @ 1700.00 = 1700.00","0"
"54","Fri Jan 30 2026 05:00:00 GMT+0500 (Pakistan Standard Time)","2","1","20000","81","981","Cash received, Voucher# 202601300001Cash Sale, BillNo:981","202601300001"
"55","Sat Jan 31 2026 05:00:00 GMT+0500 (Pakistan Standard Time)","2","0","14560","81","986","Sale Invoice# 986Lcd Unit Huawei Y7PRIME2018U, 1 @ 1480.00 = 1480.00Lcd Unit Oppo A5S ZNF, 1 @ 1550.00 = 1550.00Lcd Unit Vivo Y11 ZNF GC, 1 @ 1600.00 = 1600.00Lcd Unit Infinix X653 FORCE, 1 @ 1550.00 = 1550.00Lcd Unit Infinix X6816 ZNF X6817, 1 @ 1850.00 = 1850.00Lcd Unit Oppo F9 FORCE, 1 @ 1480.00 = 1480.00Incel Mi NOTE 10 PRO, 1 @ 2000.00 = 2000.00Battery Infinix 39LT FORCE, 1 @ 980.00 = 980.00Battery Infinix 49FX BT FORCE, 1 @ 1050.00 = 1050.00Battery Mi BN53 FORCE, 1 @ 1020.00 = 1020.00","0"
"56","Sat Jan 31 2026 05:00:00 GMT+0500 (Pakistan Standard Time)","2","1","25000","81","986","Cash received, Voucher# 202601310002Cash Sale, BillNo:986","202601310002"
"57","Sun Feb 01 2026 05:00:00 GMT+0500 (Pakistan Standard Time)","2","0","14400","81","992","Sale Invoice# 992Lcd Unit Infinix X688 ZNF, 2 @ 1800.00 = 3600.00Lcd Unit Vivo Y81 ZNF, 1 @ 1520.00 = 1520.00Lcd Unit Oppo A3S ZNF, 1 @ 1550.00 = 1550.00Lcd Unit Huawei Y6P2020 HX, 1 @ 1600.00 = 1600.00Lcd Unit Vivo Y20 ZNF Y21, 1 @ 1680.00 = 1680.00Lcd Unit Huawei Y7PRIME2018U, 1 @ 1480.00 = 1480.00Lcd Unit SAMSUNG A13 4G SUNLONG, 1 @ 2050.00 = 2050.00Battery Huawei P9 FORCE, 1 @ 920.00 = 920.00","0"
"58","Sun Feb 01 2026 05:00:00 GMT+0500 (Pakistan Standard Time)","2","1","10000","81","992","Cash received, Voucher# 202602010002Cash Sale, BillNo:992","202602010002"
"59","Mon Feb 02 2026 05:00:00 GMT+0500 (Pakistan Standard Time)","2","0","30580","81","997","Sale Invoice# 997Lcd Unit Vivo Y90 ZNF Y91, 1 @ 1550.00 = 1550.00Lcd Unit Oppo A1K GC, 1 @ 1650.00 = 1650.00Lcd Unit Oppo A83 ZNF, 1 @ 1670.00 = 1670.00Lcd Unit Vivo Y20 ZNF Y21, 3 @ 1680.00 = 5040.00Lcd Unit Mi A1PLUS ZNF, 1 @ 1670.00 = 1670.00Lcd Unit Infinix X657 ZNF, 1 @ 1550.00 = 1550.00Lcd Unit Infinix X682 WD, 1 @ 1840.00 = 1840.00Lcd Unit Huawei Y6 PRIME 2019 MEETO, 1 @ 1570.00 = 1570.00Lcd Unit Huawei Y9PRIME2019 MEETO, 1 @ 1620.00 = 1620.00Lcd Unit Vivo Y02 CROWN, 1 @ 1650.00 = 1650.00Lcd Unit SAMSUNG A05S GC COPY, 1 @ 1900.00 = 1900.00Lcd Unit Oppo A15 ZNF C11, 1 @ 1620.00 = 1620.00Lcd Unit Itel VISION3U GC, 1 @ 1700.00 = 1700.00Touch Itel A25 TOCH, 2 @ 220.00 = 440.00Battery Infinix 39LT FORCE, 1 @ 980.00 = 980.00Battery Iphone 7G SUN, 1 @ 980.00 = 980.00Finger Flex Huawei Y9PRIME2019 FINGER FLEX, 1 @ 150.00 = 150.00ORG SHAD Huawei MATE10PROU ORG, 1 @ 3000.00 = 3000.00","0"
"60","Mon Feb 02 2026 05:00:00 GMT+0500 (Pakistan Standard Time)","2","1","25000","81","0","Cash received, Voucher# 202602020004CASH","202602020004"
"61","Tue Feb 03 2026 05:00:00 GMT+0500 (Pakistan Standard Time)","2","0","13360","81","1000","Sale Invoice# 1000Lcd Unit SAMSUNG A04U ZNF, 1 @ 1750.00 = 1750.00Lcd Unit Infinix X650 ZNF CROWN, 1 @ 1520.00 = 1520.00Lcd Unit SAMSUNG J4PLUSU GC, 1 @ 1550.00 = 1550.00Lcd Unit Infinix X657 ZNF, 1 @ 1550.00 = 1550.00Incel Infinix X663 INCEL FORCE, 1 @ 1800.00 = 1800.00Lcd Unit Huawei Y7P2019U HX, 1 @ 1620.00 = 1620.00Lcd Unit Huawei 8X HX, 1 @ 1650.00 = 1650.00Incel SAMSUNG A30 INCEL, 1 @ 1850.00 = 1850.00SIM TRAY Huawei Y7 PRIME 18 BLUE, 1 @ 70.00 = 70.00","0"
"62","Tue Feb 03 2026 05:00:00 GMT+0500 (Pakistan Standard Time)","2","1","10000","81","1000","Cash received, Voucher# 202602030003Cash Sale, BillNo:1000","202602030003"
"63","Wed Feb 04 2026 05:00:00 GMT+0500 (Pakistan Standard Time)","2","0","8500","81","1005","Sale Invoice# 1005Lcd Unit Infinix X653U MISION, 1 @ 1500.00 = 1500.00Lcd Unit Vivo V9 ZNF Y85, 1 @ 1650.00 = 1650.00Lcd Unit Vivo Y20 ZNF Y21, 2 @ 1700.00 = 3400.00Lcd Unit Poco X3 X3 PRO, 1 @ 1950.00 = 1950.00","0"
"64","Wed Feb 04 2026 05:00:00 GMT+0500 (Pakistan Standard Time)","2","1","10000","81","1005","Cash received, Voucher# 202602040013Cash Sale, BillNo:1005","202602040013"
"65","Wed Feb 04 2026 05:00:00 GMT+0500 (Pakistan Standard Time)","2","0","22060","81","1006","Sale Invoice# 1006Lcd Unit Infinix X688 ZNF, 1 @ 1800.00 = 1800.00Lcd Unit Infinix X682 ZNF, 1 @ 2000.00 = 2000.00Lcd Unit Vivo Y11 ZNF GC, 1 @ 1620.00 = 1620.00Lcd Unit Vivo Y20 ZNF Y21, 3 @ 1700.00 = 5100.00Lcd Unit Oppo A53 A54 CROWN, 1 @ 1780.00 = 1780.00Lcd Unit Infinix X655 Z POWER, 1 @ 1620.00 = 1620.00Lcd Unit Mi REDMI 13CU ZNF, 1 @ 1750.00 = 1750.00Lcd Unit Oppo A52020U ZNF, 1 @ 1570.00 = 1570.00Lcd Unit Oppo F5 COPY, 1 @ 1550.00 = 1550.00Lcd Unit Vivo V9 ZNF Y85, 1 @ 1650.00 = 1650.00Lcd Unit Oppo A15 ZNF C11, 1 @ 1620.00 = 1620.00","0"
"66","Wed Feb 04 2026 05:00:00 GMT+0500 (Pakistan Standard Time)","2","1","25000","81","1006","Cash received, Voucher# 202602040014Cash Sale, BillNo:1006","202602040014"
"67","Mon Feb 09 2026 05:00:00 GMT+0500 (Pakistan Standard Time)","2","0","13120","81","1018","Sale Invoice# 1018Lcd Unit Vivo Y20 ZNF Y21, 2 @ 1700.00 = 3400.00Lcd Unit Oppo A15 ZNF C11, 2 @ 1620.00 = 3240.00Lcd Unit Huawei Y9PRIME2019 MEETO, 1 @ 1650.00 = 1650.00Lcd Unit Infinix X612 PREMIER, 1 @ 1650.00 = 1650.00Incel SAMSUNG A32 INCEE, 1 @ 2000.00 = 2000.00Battery Iphone 7PLUS FORCE, 1 @ 1180.00 = 1180.00","0"
"68","Mon Feb 09 2026 05:00:00 GMT+0500 (Pakistan Standard Time)","2","1","30000","81","0","Cash received, Voucher# 20260209000210000 BANK

20000 CASH

","202602090002"
"69","Mon Feb 09 2026 05:00:00 GMT+0500 (Pakistan Standard Time)","2","0","13280","81","1021","Sale Invoice# 1021Lcd Unit Oppo A1KU ZNF, 1 @ 1620.00 = 1620.00Lcd Unit Vivo Y11 ZNF GC, 1 @ 1620.00 = 1620.00Lcd Unit Infinix X688 ZNF, 1 @ 1800.00 = 1800.00Incel Infinix X663 INCEL FORCE, 1 @ 1800.00 = 1800.00Lcd Unit Infinix X6525 ZNF, 1 @ 1720.00 = 1720.00Lcd Unit Mi A3 NEW GM, 1 @ 1700.00 = 1700.00Lcd Unit Infinix X6531 SUNLONG X6532, 1 @ 2080.00 = 2080.00Back Tecno SPARK 4 LITE BLACK, 1 @ 320.00 = 320.00Back Infinix X6831 BLACK, 1 @ 370.00 = 370.00Touch Itel A48 S15, 1 @ 250.00 = 250.00","0"
"70","Thu Feb 12 2026 05:00:00 GMT+0500 (Pakistan Standard Time)","2","0","27140","81","1032","Sale Invoice# 1032Lcd Unit Vivo V9 ZNF Y85, 1 @ 1650.00 = 1650.00Lcd Unit SAMSUNG A02 ZNF A12, 1 @ 1620.00 = 1620.00Lcd Unit Infinix X6515 ZNF X6516, 1 @ 1650.00 = 1650.00Lcd Unit Oppo A15 ZNF C11, 1 @ 1620.00 = 1620.00Lcd Unit SAMSUNG A02S ZNF A03S, 2 @ 1620.00 = 3240.00Lcd Unit SAMSUNG A21S ZNF, 1 @ 1770.00 = 1770.00Lcd Unit Infinix X657 ZNF, 3 @ 1550.00 = 4650.00Lcd Unit Vivo Y20 ZNF Y21, 2 @ 1700.00 = 3400.00Lcd Unit SAMSUNG A10U Z POWER, 2 @ 1480.00 = 2960.00Lcd Unit SAMSUNG A04 GC, 1 @ 1850.00 = 1850.00Lcd Unit Infinix X690 HALF MEETO, 1 @ 1850.00 = 1850.00Battery SAMSUNG A21S SADA A13 BT, 1 @ 880.00 = 880.00","0"
"71","Thu Feb 12 2026 05:00:00 GMT+0500 (Pakistan Standard Time)","2","1","15000","81","1032","Cash received, Voucher# 202602120001Cash Sale, BillNo:1032","202602120001"
"72","Thu Feb 12 2026 05:00:00 GMT+0500 (Pakistan Standard Time)","2","0","21110","81","1037","Sale Invoice# 1037Lcd Unit Oppo A1KU ZNF, 1 @ 1620.00 = 1620.00Lcd Unit SAMSUNG A04U ZNF, 1 @ 1750.00 = 1750.00Lcd Unit Infinix X6525 ZNF, 2 @ 1720.00 = 3440.00Lcd Unit Infinix X657 ZNF, 2 @ 1550.00 = 3100.00Lcd Unit Oppo A15 ZNF C11, 1 @ 1620.00 = 1620.00Lcd Unit Oppo A5S ZNF, 1 @ 1570.00 = 1570.00Lcd Unit Infinix X682 WD, 1 @ 1770.00 = 1770.00Lcd Unit Vivo Y03 GM  FORCE, 1 @ 1620.00 = 1620.00Lcd Unit Vivo Y90 ZNF Y91, 1 @ 1550.00 = 1550.00Lcd Unit Oppo A3S ZNF, 1 @ 1550.00 = 1550.00Lcd Unit Infinix X650 ZNF CROWN, 1 @ 1520.00 = 1520.00","0"
"73","Thu Feb 12 2026 05:00:00 GMT+0500 (Pakistan Standard Time)","2","1","20000","81","0","Cash received, Voucher# 20260212001915000 13.02.26

5000 12.02.26","202602120019"
"74","Fri Feb 13 2026 05:00:00 GMT+0500 (Pakistan Standard Time)","2","0","6740","81","1046","Sale Invoice# 1046Lcd Unit Vivo Y20 ZNF Y21, 1 @ 1700.00 = 1700.00Lcd Unit Infinix X682 WD, 1 @ 1770.00 = 1770.00Lcd Unit Oppo A5S ZNF, 1 @ 1570.00 = 1570.00Lcd Unit Huawei 8X HX, 1 @ 1650.00 = 1650.00Volume Oppo A54 A16, 1 @ 50.00 = 50.00","0"
"75","Fri Feb 13 2026 05:00:00 GMT+0500 (Pakistan Standard Time)","2","0","10300","81","1052","Sale Invoice# 1052Lcd Unit SAMSUNG A04U ZNF, 1 @ 1750.00 = 1750.00Lcd Unit Infinix X688 ZNF, 1 @ 1800.00 = 1800.00Lcd Unit Infinix X653U MISION, 1 @ 1500.00 = 1500.00Lcd Unit Infinix X657 ZNF, 1 @ 1550.00 = 1550.00Lcd Unit Infinix X6816 ZNF X6817, 1 @ 1850.00 = 1850.00Lcd Unit Oppo A60U ZNF C65, 1 @ 1850.00 = 1850.00","0"
"76","Fri Feb 13 2026 05:00:00 GMT+0500 (Pakistan Standard Time)","2","1","15000","81","1052","Cash received, Voucher# 202602130017Cash Sale, BillNo:1052","202602130017"
"77","Mon Feb 16 2026 05:00:00 GMT+0500 (Pakistan Standard Time)","2","0","13790","81","1059","Sale Invoice# 1059Lcd Unit Oppo A15 ZNF C11, 1 @ 1620.00 = 1620.00Lcd Unit Huawei Y9PRIME2019 MEETO, 1 @ 1650.00 = 1650.00Lcd Unit Infinix X6525 ZNF, 1 @ 1720.00 = 1720.00Lcd Unit Oppo A3S ZNF, 1 @ 1550.00 = 1550.00Lcd Unit Infinix X6816 ZNF X6817, 1 @ 1850.00 = 1850.00Lcd Unit Vivo Y20 ZNF Y21, 1 @ 1700.00 = 1700.00Lcd Unit Mi REDMI 10C 12C GC, 1 @ 1750.00 = 1750.00Lcd Unit Infinix X6831 ZNF, 1 @ 1950.00 = 1950.00","0"
"78","Mon Feb 16 2026 05:00:00 GMT+0500 (Pakistan Standard Time)","2","1","13000","81","1059","Cash received, Voucher# 202602160001Cash Sale, BillNo:1059","202602160001"
"79","Mon Feb 16 2026 05:00:00 GMT+0500 (Pakistan Standard Time)","2","0","20430","81","1060","Sale Invoice# 1060Lcd Unit Oppo A15 ZNF C11, 1 @ 1620.00 = 1620.00Lcd Unit Infinix X655 ZNF, 2 @ 1620.00 = 3240.00Lcd Unit Vivo Y20 ZNF Y21, 2 @ 1700.00 = 3400.00Lcd Unit Huawei Y7P2019U MEETO, 1 @ 1600.00 = 1600.00Lcd Unit Oppo A1KU ZNF, 1 @ 1620.00 = 1620.00Lcd Unit Oppo A5S ZNF, 1 @ 1570.00 = 1570.00Lcd Unit Infinix X657 ZNF, 1 @ 1550.00 = 1550.00Lcd Unit Itel A25 A25 PRO, 1 @ 1200.00 = 1200.00Lcd Unit Mi A3 NEW GM, 1 @ 1700.00 = 1700.00Lcd Unit Tecno POP5, 1 @ 1650.00 = 1650.00Battery Infinix 39LT FORCE, 1 @ 980.00 = 980.00Back Tecno SPARK 6 GO BLACK, 1 @ 300.00 = 300.00","0"
"80","Mon Feb 16 2026 05:00:00 GMT+0500 (Pakistan Standard Time)","2","1","20000","81","0","Cash received, Voucher# 20260216000311000 BANK
9000 CASH
","202602160003"
"81","Wed Feb 18 2026 05:00:00 GMT+0500 (Pakistan Standard Time)","2","0","12010","81","1068","Sale Invoice# 1068Lcd Unit Oppo A52020U ZNF, 2 @ 1580.00 = 3160.00Lcd Unit Infinix X657 ZNF, 2 @ 1550.00 = 3100.00Lcd Unit SAMSUNG A04U ZNF, 1 @ 1750.00 = 1750.00Lcd Unit Itel VISION 3 HAHA PRIMER, 1 @ 1620.00 = 1620.00Battery Infinix 39LT FORCE, 1 @ 980.00 = 980.00Battery Infinix 49FX BT FORCE, 1 @ 1100.00 = 1100.00Back Infinix X653 SMART 4 BLACK, 1 @ 300.00 = 300.00","0"
"82","Wed Feb 18 2026 05:00:00 GMT+0500 (Pakistan Standard Time)","2","1","20000","81","0","Cash received, Voucher# 202602180013","202602180013"
"83","Fri Feb 20 2026 05:00:00 GMT+0500 (Pakistan Standard Time)","2","0","19140","81","1076","Sale Invoice# 1076Lcd Unit SAMSUNG A10U ZNF, 1 @ 1650.00 = 1650.00Lcd Unit SAMSUNG A02S ZNF A03S, 1 @ 1620.00 = 1620.00Lcd Unit SAMSUNG A04U ZNF, 1 @ 1750.00 = 1750.00Lcd Unit Oppo A83 ZNF, 1 @ 1650.00 = 1650.00Lcd Unit Infinix X6831 ZNF, 1 @ 1950.00 = 1950.00Lcd Unit Infinix X6531 OT, 1 @ 1750.00 = 1750.00Lcd Unit Infinix X6525 ZNF, 1 @ 1720.00 = 1720.00Incel Infinix X663 INCEL FORCE, 1 @ 1800.00 = 1800.00ORG SHAD Iphone XS ORG, 1 @ 5000.00 = 5000.00Back Iphone XS BACK GOLD, 1 @ 250.00 = 250.00","0"
"84","Fri Feb 20 2026 05:00:00 GMT+0500 (Pakistan Standard Time)","2","1","10000","81","0","Cash received, Voucher# 202602200001","202602200001"
"85","Sun Feb 22 2026 05:00:00 GMT+0500 (Pakistan Standard Time)","2","0","13105","81","1085","Sale Invoice# 1085Lcd Unit Oppo F7 ROYAL FALCON, 1 @ 1175.00 = 1175.00Lcd Unit Huawei MATE10LITE MEETO, 1 @ 1600.00 = 1600.00Lcd Unit Oppo A53 ZNF A54, 1 @ 1600.00 = 1600.00Lcd Unit Infinix X6831 ZNF, 1 @ 1950.00 = 1950.00Lcd Unit SAMSUNG A10U ZNF, 1 @ 1650.00 = 1650.00Lcd Unit Infinix X6816 ZNF X6817, 1 @ 1900.00 = 1900.00Lcd Unit Mi A1PLUS ZNF, 1 @ 1680.00 = 1680.00Lcd Unit Itel A49 HX, 1 @ 1550.00 = 1550.00","0"
"86","Sun Feb 22 2026 05:00:00 GMT+0500 (Pakistan Standard Time)","2","1","20000","81","0","Cash received, Voucher# 20260222000210000 BANK
10000 CASH
","202602220002"
"87","Mon Feb 23 2026 05:00:00 GMT+0500 (Pakistan Standard Time)","2","0","15340","81","1089","Sale Invoice# 1089Lcd Unit Infinix X657 ZNF, 1 @ 1570.00 = 1570.00Lcd Unit SAMSUNG A10S FORCE, 1 @ 1500.00 = 1500.00Lcd Unit Itel VISION3U GC, 1 @ 1700.00 = 1700.00Lcd Unit Vivo Y81 ZNF, 1 @ 1580.00 = 1580.00Lcd Unit Infinix X6525 ZNF, 1 @ 1720.00 = 1720.00Lcd Unit Oppo A5S ZNF, 1 @ 1580.00 = 1580.00Lcd Unit Infinix X655 JX, 1 @ 1550.00 = 1550.00Lcd Unit Tecno LC7 OG GC 360, 1 @ 1720.00 = 1720.00Lcd Unit Oppo A15 ZNF C11, 1 @ 1620.00 = 1620.00Battery Oppo A71 SUN A83 SUN, 1 @ 800.00 = 800.00","0"
"88","Mon Feb 23 2026 05:00:00 GMT+0500 (Pakistan Standard Time)","2","1","200","81","0","Cash received, Voucher# 202602230011XS BT TERMINEL","202602230011"
"89","Mon Feb 23 2026 05:00:00 GMT+0500 (Pakistan Standard Time)","2","1","15000","81","1089","Cash received, Voucher# 202602230012Cash Sale, BillNo:1089","202602230012"
"90","Tue Feb 24 2026 05:00:00 GMT+0500 (Pakistan Standard Time)","2","0","7360","81","1098","Sale Invoice# 1098Lcd Unit Infinix X650 ZNF CROWN, 1 @ 1520.00 = 1520.00Lcd Unit Infinix X680 ZNF, 1 @ 1770.00 = 1770.00Lcd Unit Infinix X657 ZNF, 1 @ 1570.00 = 1570.00Lcd Unit Infinix X6515 ZNF X6516, 1 @ 1650.00 = 1650.00Oca Glass Vivo Y28 OCA, 1 @ 150.00 = 150.00Battery MI BN57 SADA, 1 @ 700.00 = 700.00","0"
"91","Wed Feb 25 2026 05:00:00 GMT+0500 (Pakistan Standard Time)","2","0","7360","81","1101","Sale Invoice# 1101Lcd Unit Infinix X650 ZNF CROWN, 1 @ 1520.00 = 1520.00Lcd Unit Infinix X680 ZNF, 1 @ 1770.00 = 1770.00Lcd Unit Infinix X657 ZNF, 1 @ 1570.00 = 1570.00Lcd Unit Infinix X6515 ZNF X6516, 1 @ 1650.00 = 1650.00Oca Glass Vivo Y28 OCA, 1 @ 150.00 = 150.00Battery MI BN57 SADA, 1 @ 700.00 = 700.00","0"
"92","Wed Feb 25 2026 05:00:00 GMT+0500 (Pakistan Standard Time)","2","0","9440","81","1103","Sale Invoice# 1103Lcd Unit Infinix X650 ZNF CROWN, 1 @ 1520.00 = 1520.00Lcd Unit Infinix X680 ZNF, 1 @ 1770.00 = 1770.00Lcd Unit Infinix X657 ZNF, 1 @ 1570.00 = 1570.00Lcd Unit Infinix X6515 ZNF X6516, 1 @ 1650.00 = 1650.00Lcd Unit Vivo Y36  FORCE 4G, 1 @ 1950.00 = 1950.00Oca Glass Vivo Y28 OCA, 1 @ 150.00 = 150.00Battery MI BN57 AAA, 1 @ 830.00 = 830.00","0"
"93","Wed Feb 25 2026 05:00:00 GMT+0500 (Pakistan Standard Time)","2","0","8090","81","1104","Sale Invoice# 1104Lcd Unit Infinix X6525 ZNF, 1 @ 1720.00 = 1720.00Incel Infinix X6821 INCEL PRIMER, 1 @ 2300.00 = 2300.00Lcd Unit Infinix X650 CROWN, 1 @ 1550.00 = 1550.00Lcd Unit Oppo A52020U ZNF, 1 @ 1570.00 = 1570.00Battery Huawei Mate10lite Bt Force, 1 @ 950.00 = 950.00","0"
"94","Wed Feb 25 2026 05:00:00 GMT+0500 (Pakistan Standard Time)","2","1","20000","81","0","Cash received, Voucher# 202602250002CASH 26.02.26
","202602250002"
"95","Thu Feb 26 2026 05:00:00 GMT+0500 (Pakistan Standard Time)","2","1","7360","81","0","Cash received, Voucher# 202602260016X650 FRAQ","202602260016"
"96","Thu Feb 26 2026 05:00:00 GMT+0500 (Pakistan Standard Time)","2","1","7360","81","0","Cash received, Voucher# 202602260017","202602260017"
"97","Thu Feb 26 2026 05:00:00 GMT+0500 (Pakistan Standard Time)","2","0","11070","81","1108","Sale Invoice# 1108Lcd Unit Infinix X657 ZNF, 1 @ 1570.00 = 1570.00Lcd Unit Infinix X688 ZNF, 2 @ 1800.00 = 3600.00Lcd Unit Infinix X650 ZNF CROWN, 2 @ 1520.00 = 3040.00Lcd Unit Vivo V9 ZNF Y85, 1 @ 1680.00 = 1680.00Battery Oppo F7 SUN, 1 @ 820.00 = 820.00Volume Infinix X659, 1 @ 40.00 = 40.00Back Infinix X659 BLACK, 1 @ 320.00 = 320.00","0"
"98","Thu Feb 26 2026 05:00:00 GMT+0500 (Pakistan Standard Time)","2","1","20000","81","1108","Cash received, Voucher# 202602260018Cash Sale, BillNo:1108","202602260018"
"99","Sat Feb 28 2026 05:00:00 GMT+0500 (Pakistan Standard Time)","2","0","22370","81","1116","Sale Invoice# 1116Lcd Unit Mi REDMI 10C 12C GC, 1 @ 1680.00 = 1680.00Lcd Unit Huawei Y7PRIME2018 GC, 1 @ 1480.00 = 1480.00Lcd Unit Vivo Y20 ZNF Y21, 2 @ 1700.00 = 3400.00Lcd Unit Infinix X688 Z POWER, 1 @ 1650.00 = 1650.00Lcd Unit SAMSUNG A02 ZNF A12, 1 @ 1620.00 = 1620.00Lcd Unit Infinix X657 ZNF, 1 @ 1570.00 = 1570.00Incel SAMSUNG J6 INCEL MEETO, 1 @ 1500.00 = 1500.00Lcd Unit Infinix X6531 ZNF X6532, 1 @ 1900.00 = 1900.00Lcd Unit Infinix X682 ZNF, 1 @ 2000.00 = 2000.00Lcd Unit Oppo A15 ZNF C11, 1 @ 1620.00 = 1620.00Back Tecno SPARK 6 GO BLACK, 1 @ 300.00 = 300.00Battery Oppo A3S A5S SUN, 1 @ 950.00 = 950.00Lcd Unit Huawei MATE9 JP, 1 @ 2700.00 = 2700.00","0"
"100","Sat Feb 28 2026 05:00:00 GMT+0500 (Pakistan Standard Time)","2","1","20000","81","1116","Cash received, Voucher# 202602280001Cash Sale, BillNo:1116","202602280001"
"101","Sat Feb 28 2026 05:00:00 GMT+0500 (Pakistan Standard Time)","2","0","14010","81","1122","Sale Invoice# 1122Lcd Unit Infinix X657 CROWN, 2 @ 1600.00 = 3200.00Lcd Unit Tecno CAMON17U ZNF, 1 @ 1750.00 = 1750.00Lcd Unit Oppo A15 ZNF C11, 1 @ 1620.00 = 1620.00Lcd Unit Vivo Y20 ZNF Y21, 1 @ 1700.00 = 1700.00Lcd Unit Infinix X6531U HAHA JX COPY G C, 1 @ 1600.00 = 1600.00Lcd Unit SAMSUNG A02 ZNF A12, 1 @ 1620.00 = 1620.00Lcd Unit Oppo A1K FORCE, 1 @ 1470.00 = 1470.00Battery Infinix 39LT SPES ZNF, 1 @ 1050.00 = 1050.00","0"
"102","Sat Feb 28 2026 05:00:00 GMT+0500 (Pakistan Standard Time)","2","1","15000","81","1122","Cash received, Voucher# 202602280012Cash Sale, BillNo:1122","202602280012"
"103","Mon Mar 02 2026 05:00:00 GMT+0500 (Pakistan Standard Time)","8","0","1470","81","260302001","Sale Return# 260302001Lcd Unit Oppo A1K FORCE, Returned Qty: 1 @ 1470.00 = 1470.00","0"
"104","Mon Mar 02 2026 05:00:00 GMT+0500 (Pakistan Standard Time)","2","0","19430","81","1125","Sale Invoice# 1125Lcd Unit Huawei MATE10LITE MEETO, 1 @ 1600.00 = 1600.00Lcd Unit Infinix X6816 ZNF X6817, 1 @ 1850.00 = 1850.00Lcd Unit Huawei Y6 PRIME 2019 MEETO, 1 @ 1570.00 = 1570.00Lcd Unit Oppo A52020U ZNF, 1 @ 1570.00 = 1570.00Lcd Unit Oppo A53 ZNF A54, 1 @ 1600.00 = 1600.00Lcd Unit Huawei Y9PRIME2019 MEETO, 1 @ 1650.00 = 1650.00Lcd Unit Vivo Y11 ZNF GC, 2 @ 1620.00 = 3240.00Lcd Unit Itel A25 A25 PRO, 1 @ 1200.00 = 1200.00Lcd Unit Infinix X6531 ZNF X6532, 1 @ 1900.00 = 1900.00Battery Infinix 49FX BT FORCE, 1 @ 1100.00 = 1100.00Battery Infinix 58BX FORCE X680, 1 @ 1150.00 = 1150.00Battery Oppo A1K BT FORCE, 1 @ 1000.00 = 1000.00","0"
"105","Mon Mar 02 2026 05:00:00 GMT+0500 (Pakistan Standard Time)","2","1","20000","81","1125","Cash received, Voucher# 202603020001Cash Sale, BillNo:1125","202603020001"
"106","Mon Mar 02 2026 05:00:00 GMT+0500 (Pakistan Standard Time)","2","0","12490","81","1129","Sale Invoice# 1129Lcd Unit SAMSUNG A04U ZNF, 1 @ 1750.00 = 1750.00Lcd Unit Oppo A15 ZNF C11, 2 @ 1620.00 = 3240.00Lcd Unit SAMSUNG A02S ZNF A03S, 1 @ 1620.00 = 1620.00Lcd Unit Infinix X680 ZNF, 1 @ 1780.00 = 1780.00Lcd Unit Oppo F11 ZNF, 1 @ 1620.00 = 1620.00Back Vivo Y20 SKY BLUE, 1 @ 280.00 = 280.00Parts/tool Ic 1610 A3B, 1 @ 300.00 = 300.00Lcd Unit Oppo A52U N10U ORANG, 1 @ 1900.00 = 1900.00","0"
"107","Mon Mar 02 2026 05:00:00 GMT+0500 (Pakistan Standard Time)","2","1","10000","81","1129","Cash received, Voucher# 202603020011Cash Sale, BillNo:1129","202603020011"
"108","Wed Mar 04 2026 05:00:00 GMT+0500 (Pakistan Standard Time)","2","0","13160","81","1136","Sale Invoice# 1136Incel Oppo F19U INCEL F19 PRO  A94 HX, 1 @ 1700.00 = 1700.00Lcd Unit Mi 10C 12C FORCE, 1 @ 1700.00 = 1700.00Lcd Unit Infinix X682U SPESS, 1 @ 1820.00 = 1820.00Lcd Unit Huawei MATE10LITE MEETO, 1 @ 1600.00 = 1600.00Lcd Unit Vivo Y91 Y90 FORCE, 1 @ 1500.00 = 1500.00Lcd Unit Infinix X6511 360, 1 @ 1600.00 = 1600.00Lcd Unit Vivo C51U ZNF, 1 @ 1720.00 = 1720.00Battery Infinix 49FX BT SPES, 1 @ 1150.00 = 1150.00CHARGING POT Infinix X6810, 1 @ 220.00 = 220.00BOARD FLEX Infinix X6810, 1 @ 150.00 = 150.00","0"
"109","Wed Mar 04 2026 05:00:00 GMT+0500 (Pakistan Standard Time)","2","1","20000","81","1136","Cash received, Voucher# 202603040033Cash Sale, BillNo:1136","202603040033"
"110","Wed Mar 04 2026 05:00:00 GMT+0500 (Pakistan Standard Time)","2","2","1570","81","0","Cash paid, Voucher# 202603040040","202603040040"
"111","Thu Mar 05 2026 05:00:00 GMT+0500 (Pakistan Standard Time)","2","0","24160","81","1140","Sale Invoice# 1140Lcd Unit Infinix X688 ZNF, 1 @ 1800.00 = 1800.00Lcd Unit Oppo A53 ZNF A54, 1 @ 1600.00 = 1600.00Lcd Unit Infinix X657 ZNF, 2 @ 1570.00 = 3140.00Lcd Unit Vivo Y20 ZNF Y21, 2 @ 1700.00 = 3400.00Lcd Unit Infinix X6831 ZNF, 2 @ 1950.00 = 3900.00Lcd Unit Oppo A15 ZNF C11, 2 @ 1620.00 = 3240.00Lcd Unit Mi A3 NEW GC, 1 @ 1800.00 = 1800.00Lcd Unit Infinix X6511 360, 1 @ 1600.00 = 1600.00Lcd Unit Infinix X6525 GC, 1 @ 1780.00 = 1780.00Lcd Unit DECODE BOLDE 1, 1 @ 1900.00 = 1900.00","0"
"112","Thu Mar 05 2026 05:00:00 GMT+0500 (Pakistan Standard Time)","2","1","20000","81","1140","Cash received, Voucher# 202603050002Cash Sale, BillNo:1140","202603050002"
"113","Thu Mar 05 2026 05:00:00 GMT+0500 (Pakistan Standard Time)","2","0","9800","81","1142","Sale Invoice# 1142Lcd Unit Infinix X680 ZNF, 1 @ 1780.00 = 1780.00Lcd Unit Oppo A53 ZNF A54, 1 @ 1800.00 = 1800.00Lcd Unit Oppo A15 ZNF C11, 1 @ 1620.00 = 1620.00Lcd Unit Vivo Y20 ZNF Y21, 1 @ 1700.00 = 1700.00Lcd Unit Vivo Y90 ZNF Y91, 1 @ 1550.00 = 1550.00Battery Infinix 49FX BT SPES, 1 @ 1150.00 = 1150.00Board Flex SAMSUNG A70 BORD FLEX, 1 @ 200.00 = 200.00","0"
"114","Sat Mar 07 2026 05:00:00 GMT+0500 (Pakistan Standard Time)","2","0","18050","81","1148","Sale Invoice# 1148Lcd Unit Infinix X650 ZNF CROWN, 1 @ 1520.00 = 1520.00Lcd Unit Vivo Y11 FORCE Y12 Y15, 1 @ 1450.00 = 1450.00Lcd Unit Oppo A15 ZNF C11, 1 @ 1620.00 = 1620.00Lcd Unit Tecno CAMON17U ZNF, 1 @ 1750.00 = 1750.00Lcd Unit Vivo Y20 ZNF Y21, 3 @ 1700.00 = 5100.00Lcd Unit Infinix X6831 ZNF, 1 @ 1950.00 = 1950.00Lcd Unit Vivo Y19U ZNF, 1 @ 1650.00 = 1650.00Lcd Unit Infinix X657 ZNF, 1 @ 1550.00 = 1550.00Battery DECODE A17CT BT CYGNEL 3 PRO, 1 @ 1200.00 = 1200.00Parts/tool China TAPE SHISHA 1 INCH, 2 @ 130.00 = 260.00","0"
"115","Sat Mar 07 2026 05:00:00 GMT+0500 (Pakistan Standard Time)","2","1","20000","81","1148","Cash received, Voucher# 202603070001Cash Sale, BillNo:1148","202603070001"
"116","Sun Mar 08 2026 05:00:00 GMT+0500 (Pakistan Standard Time)","2","0","15060","81","1155","Sale Invoice# 1155Lcd Unit Infinix X657 ZNF, 2 @ 1570.00 = 3140.00Lcd Unit SAMSUNG J7 PRIME GOLDEN, 1 @ 1400.00 = 1400.00Lcd Unit Infinix X650 ZNF CROWN, 1 @ 1520.00 = 1520.00Lcd Unit Infinix X680 ZNF, 1 @ 1780.00 = 1780.00Lcd Unit Vivo Y11 ZNF GC, 1 @ 1620.00 = 1620.00Lcd Unit Vivo Y03UZNFY18U, 1 @ 1700.00 = 1700.00Incel Infinix X663 INCEL FORCE, 1 @ 1750.00 = 1750.00Lcd Unit DECODE CYGNEL 2 LITE - CYGNEL 3 PRO, 1 @ 2150.00 = 2150.00","0"
"117","Sun Mar 08 2026 05:00:00 GMT+0500 (Pakistan Standard Time)","2","1","20000","81","1155","Cash received, Voucher# 202603080001Cash Sale, BillNo:1155","202603080001"
"118","Sun Mar 08 2026 05:00:00 GMT+0500 (Pakistan Standard Time)","8","0","1200","81","260308001","Sale Return# 260308001Battery DECODE A17CT BT CYGNEL 3 PRO, Returned Qty: 1 @ 1200.00 = 1200.00","0"
"119","Mon Mar 09 2026 05:00:00 GMT+0500 (Pakistan Standard Time)","2","0","22680","81","1158","Sale Invoice# 1158Lcd Unit Infinix X6525 ZNF, 1 @ 1720.00 = 1720.00Lcd Unit Vivo Y90 ZNF Y91, 2 @ 1550.00 = 3100.00Lcd Unit SAMSUNG A02 ZNF A12, 1 @ 1620.00 = 1620.00Lcd Unit Oppo A1KU ZNF, 1 @ 1620.00 = 1620.00Lcd Unit Infinix X650 ZNF CROWN, 1 @ 1520.00 = 1520.00Lcd Unit Vivo Y20 ZNF Y21, 3 @ 1700.00 = 5100.00Lcd Unit SAMSUNG A13 HAHA, 1 @ 1550.00 = 1550.00Lcd Unit Huawei MATE10LITE MEETO, 1 @ 1600.00 = 1600.00Lcd Unit Infinix X655 JX, 1 @ 1550.00 = 1550.00Lcd Unit SAMSUNG A05S GC COPY, 1 @ 1900.00 = 1900.00Battery Huawei MATE 10 LITE SUN, 1 @ 900.00 = 900.00Back Vivo Y21 BLACK, 1 @ 300.00 = 300.00CHARGING POT Huawei MATE10 LITE, 1 @ 200.00 = 200.00","0"
"120","Mon Mar 09 2026 05:00:00 GMT+0500 (Pakistan Standard Time)","2","1","20000","81","1158","Cash received, Voucher# 202603090001Cash Sale, BillNo:1158","202603090001"
"121","Wed Mar 11 2026 05:00:00 GMT+0500 (Pakistan Standard Time)","2","0","15960","81","1168","Sale Invoice# 1168Lcd Unit Oppo A15 ZNF C11, 1 @ 1620.00 = 1620.00Lcd Unit Infinix X657 ZNF, 1 @ 1550.00 = 1550.00Lcd Unit Infinix X6816 ZNF X6817, 1 @ 1850.00 = 1850.00Lcd Unit Vivo Y20 ZNF Y21, 3 @ 1700.00 = 5100.00Lcd Unit Oppo A53 ZNF A54, 1 @ 1800.00 = 1800.00Lcd Unit Infinix X6525 ZNF, 1 @ 1720.00 = 1720.00Charging Flex Iphone 7 PLUS, 1 @ 500.00 = 500.00Battery Infinix 39LT FORCE, 1 @ 1020.00 = 1020.00Battery Infinix X626 SUN X627 SUN, 1 @ 800.00 = 800.00","0"
"122","Wed Mar 11 2026 05:00:00 GMT+0500 (Pakistan Standard Time)","2","1","17000","81","1168","Cash received, Voucher# 202603110001Cash Sale, BillNo:1168","202603110001"
"123","Wed Mar 11 2026 05:00:00 GMT+0500 (Pakistan Standard Time)","2","0","12190","81","1172","Sale Invoice# 1172Lcd Unit Sparx NEW 7 NEW 7 PRO, 1 @ 1900.00 = 1900.00Lcd Unit Huawei Y7PRIME2018 GC, 1 @ 1480.00 = 1480.00Lcd Unit Infinix X6525 ZNF, 1 @ 1720.00 = 1720.00Lcd Unit Infinix X6831 ZNF, 1 @ 1950.00 = 1950.00Lcd Unit Vivo Y20 ZNF Y21, 2 @ 1700.00 = 3400.00Lcd Unit Oppo A15 ZNF C11, 1 @ 1620.00 = 1620.00Oca Glass Infinix X659, 1 @ 120.00 = 120.00","0"
"124","Wed Mar 11 2026 05:00:00 GMT+0500 (Pakistan Standard Time)","2","1","10000","81","1172","Cash received, Voucher# 202603110018Cash Sale, BillNo:1172","202603110018"
"125","Fri Mar 13 2026 05:00:00 GMT+0500 (Pakistan Standard Time)","2","0","7170","81","1180","Sale Invoice# 1180Lcd Unit Infinix X690 HALF MEETO, 1 @ 1850.00 = 1850.00Lcd Unit Oppo A1KU ZNF, 1 @ 1620.00 = 1620.00Lcd Unit Vivo Y91 Y90 FORCE, 1 @ 1500.00 = 1500.00Lcd Unit Infinix X662 COMBO, 1 @ 1600.00 = 1600.00Body Infinix X657 BLACK SMART 5, 1 @ 600.00 = 600.00","0"
"126","Sat Mar 14 2026 05:00:00 GMT+0500 (Pakistan Standard Time)","2","0","16330","81","1189","Sale Invoice# 1189Lcd Unit Oppo A15 ZNF C11, 1 @ 1620.00 = 1620.00Lcd Unit Vivo Y20 ZNF Y21, 1 @ 1700.00 = 1700.00Lcd Unit Infinix X657 ZNF, 1 @ 1570.00 = 1570.00Lcd Unit Infinix X689U JP, 1 @ 1650.00 = 1650.00Lcd Unit Infinix X6515 ZNF X6516, 1 @ 1650.00 = 1650.00Lcd Unit Oppo A5S ZNF, 1 @ 1570.00 = 1570.00Lcd Unit Oppo F1S OG GC WHITE, 1 @ 1350.00 = 1350.00Lcd Unit SAMSUNG J7 PRIME BLACK, 1 @ 1450.00 = 1450.00Lcd Unit SAMSUNG A10U ZNF, 1 @ 1650.00 = 1650.00Battery Iphone X BATTERY FALCON, 1 @ 2120.00 = 2120.00","0"
"127","Sat Mar 14 2026 05:00:00 GMT+0500 (Pakistan Standard Time)","2","1","25000","81","1189","Cash received, Voucher# 202603140013Cash Sale, BillNo:1189","202603140013"
"128","Sun Mar 15 2026 05:00:00 GMT+0500 (Pakistan Standard Time)","2","0","13500","81","1192","Sale Invoice# 1192Lcd Unit Vivo Y20 ZNF Y21, 1 @ 1700.00 = 1700.00Lcd Unit Infinix X6525 ZNF, 1 @ 1720.00 = 1720.00Lcd Unit Infinix X682 WD, 1 @ 1770.00 = 1770.00Lcd Unit Vivo Y11 ZNF GC, 2 @ 1620.00 = 3240.00Lcd Unit Oppo A5S ZNF, 1 @ 1570.00 = 1570.00Lcd Unit Infinix X6816 ZNF X6817, 1 @ 1850.00 = 1850.00Lcd Unit Infinix X6515 ZNF X6516, 1 @ 1650.00 = 1650.00","0"
"129","Sun Mar 15 2026 05:00:00 GMT+0500 (Pakistan Standard Time)","2","1","15000","81","1192","Cash received, Voucher# 202603150002Cash Sale, BillNo:1192","202603150002"
"130","Tue Mar 17 2026 05:00:00 GMT+0500 (Pakistan Standard Time)","2","0","8340","81","1198","Sale Invoice# 1198Lcd Unit Vivo Y11 ZNF GC, 1 @ 1620.00 = 1620.00Lcd Unit Vivo Y20 ZNF Y21, 1 @ 1700.00 = 1700.00Lcd Unit Infinix X690 HALF MEETO, 1 @ 1850.00 = 1850.00Lcd Unit Infinix X655 ZNF, 1 @ 1720.00 = 1720.00Lcd Unit Oppo A5S JK, 1 @ 1450.00 = 1450.00","0"
"131","Tue Mar 17 2026 05:00:00 GMT+0500 (Pakistan Standard Time)","2","1","10000","81","1198","Cash received, Voucher# 202603170007Cash Sale, BillNo:1198","202603170007"
"132","Thu Mar 19 2026 05:00:00 GMT+0500 (Pakistan Standard Time)","2","0","16090","81","1207","Sale Invoice# 1207Lcd Unit Vivo Y91 Y90 FORCE, 1 @ 1500.00 = 1500.00Lcd Unit Vivo Y11 ZNF GC, 1 @ 1620.00 = 1620.00Lcd Unit Infinix X655 Z POWER, 1 @ 1620.00 = 1620.00Lcd Unit Huawei Y9PRIME2019 MEETO, 1 @ 1650.00 = 1650.00Lcd Unit Infinix X682 ZNF, 1 @ 1980.00 = 1980.00Lcd Unit Oppo A5S ZNF, 1 @ 1570.00 = 1570.00Lcd Unit Oppo A53 ZNF A54, 1 @ 1800.00 = 1800.00Lcd Unit Infinix X6515 ZNF X6516, 1 @ 1650.00 = 1650.00Lcd Unit Vivo Y20 ZNF Y21, 1 @ 1700.00 = 1700.00Back Infinix X688  BLACK, 1 @ 350.00 = 350.00Body SAMSUNG A04 WHITE, 1 @ 650.00 = 650.00","0"
"133","Thu Mar 19 2026 05:00:00 GMT+0500 (Pakistan Standard Time)","2","0","16030","81","1210","Sale Invoice# 1210Lcd Unit Infinix X6525 ZNF, 1 @ 1720.00 = 1720.00Lcd Unit Infinix X6511 Z POWER, 1 @ 1500.00 = 1500.00Lcd Unit Infinix X650 ZNF CROWN, 1 @ 1520.00 = 1520.00Lcd Unit Oppo A15 ZNF C11, 1 @ 1620.00 = 1620.00Lcd Unit SAMSUNG A10 FORCE, 1 @ 1450.00 = 1450.00Lcd Unit Oppo A57 NEW  ZNF, 1 @ 1680.00 = 1680.00Lcd Unit Vivo Y91 Y90 FORCE, 2 @ 1500.00 = 3000.00Lcd Unit Vivo Y03UZNFY18U, 1 @ 1700.00 = 1700.00Lcd Unit Itel A49 HX, 1 @ 1500.00 = 1500.00Back Itel A49 BLACK, 1 @ 340.00 = 340.00","0"
"134","Thu Mar 19 2026 05:00:00 GMT+0500 (Pakistan Standard Time)","2","1","33000","81","0","Cash received, Voucher# 20260319000415000
18000","202603190004"
"135","Tue Mar 24 2026 05:00:00 GMT+0500 (Pakistan Standard Time)","2","0","23800","81","1218","Sale Invoice# 1218Lcd Unit SAMSUNG A21S FUTIOR, 1 @ 1480.00 = 1480.00Lcd Unit Vivo V9 ZNF Y85, 1 @ 1680.00 = 1680.00Lcd Unit Infinix X650 ZNF CROWN, 2 @ 1530.00 = 3060.00Lcd Unit Mi REDMI 13CU ZNF, 1 @ 1750.00 = 1750.00Lcd Unit Infinix X688 ZNF, 1 @ 1800.00 = 1800.00Lcd Unit Infinix X655 Z POWER, 2 @ 1620.00 = 3240.00Lcd Unit Vivo Y90 ZNF Y91, 1 @ 1550.00 = 1550.00Lcd Unit SAMSUNG A13  OG GCB OT, 1 @ 1620.00 = 1620.00Lcd Unit Oppo A83 ZNF, 1 @ 1650.00 = 1650.00Lcd Unit Vivo Y20 ZNF Y21, 1 @ 1700.00 = 1700.00Lcd Unit Infinix X6525 ZNF, 1 @ 1720.00 = 1720.00Lcd Unit Infinix X6515 ZNF X6516, 1 @ 1650.00 = 1650.00Battery SAMSUNG A10S SUN, 1 @ 900.00 = 900.00","0"
"136","Tue Mar 24 2026 05:00:00 GMT+0500 (Pakistan Standard Time)","2","1","15000","81","1218","Cash received, Voucher# 202603240012Cash Sale, BillNo:1218","202603240012"
"137","Tue Mar 24 2026 05:00:00 GMT+0500 (Pakistan Standard Time)","2","0","13670","81","1219","Sale Invoice# 1219Lcd Unit Vivo Y11 ZNF GC, 1 @ 1620.00 = 1620.00Lcd Unit Vivo Y20 ZNF Y21, 1 @ 1700.00 = 1700.00Lcd Unit Infinix X6525 ZNF, 1 @ 1720.00 = 1720.00Lcd Unit Infinix X657 ZNF, 1 @ 1550.00 = 1550.00Lcd Unit Infinix X688 ZNF, 1 @ 1800.00 = 1800.00Lcd Unit Infinix X6515 ZNF X6516, 1 @ 1650.00 = 1650.00Battery Iphone 11PRO BT FALCONE, 1 @ 2450.00 = 2450.00Battery Infinix 58BX FORCE X680, 1 @ 1180.00 = 1180.00","0"
"138","Tue Mar 24 2026 05:00:00 GMT+0500 (Pakistan Standard Time)","2","1","15000","81","1219","Cash received, Voucher# 202603240013Cash Sale, BillNo:1219","202603240013"
"139","Thu Mar 26 2026 05:00:00 GMT+0500 (Pakistan Standard Time)","2","0","19320","81","1227","Sale Invoice# 1227Lcd Unit Vivo Y20 ZNF Y21, 2 @ 1700.00 = 3400.00Lcd Unit Infinix X650 ZNF CROWN, 1 @ 1520.00 = 1520.00Lcd Unit Infinix X657 ZNF, 1 @ 1550.00 = 1550.00Lcd Unit SAMSUNG A04U ZNF, 1 @ 1750.00 = 1750.00Lcd Unit Infinix X682 ZNF, 1 @ 1980.00 = 1980.00Lcd Unit Oppo A1KU ZNF, 1 @ 1620.00 = 1620.00Lcd Unit Oppo A57NEWUGC, 1 @ 1700.00 = 1700.00Lcd Unit Infinix X680 ZNF, 1 @ 1800.00 = 1800.00Lcd Unit Oppo A57 789 WHITE, 1 @ 1400.00 = 1400.00Battery Infinix 49FX BT FORCE, 1 @ 1100.00 = 1100.00Battery Infinix 39LT FORCE, 1 @ 1020.00 = 1020.00Back Infinix X680 BLACK, 1 @ 330.00 = 330.00Board Flex Mi NOTE 10 4G, 1 @ 150.00 = 150.00","0"
"140","Thu Mar 26 2026 05:00:00 GMT+0500 (Pakistan Standard Time)","2","1","20000","81","1227","Cash received, Voucher# 202603260011Cash Sale, BillNo:1227","202603260011"
"141","Fri Mar 27 2026 05:00:00 GMT+0500 (Pakistan Standard Time)","2","0","16320","81","1238","Sale Invoice# 1238Lcd Unit Vivo Y36  FORCE 4G, 1 @ 1950.00 = 1950.00Lcd Unit Infinix X680 ZNF, 1 @ 1800.00 = 1800.00Lcd Unit Infinix X695 FUTURE, 1 @ 2000.00 = 2000.00Lcd Unit Huawei Y7PRIME2018U, 1 @ 1500.00 = 1500.00Lcd Unit Vivo Y20 ZNF Y21, 1 @ 1700.00 = 1700.00Lcd Unit Infinix X6816 ZNF X6817, 1 @ 1850.00 = 1850.00Lcd Unit Infinix X657 ZNF, 1 @ 1550.00 = 1550.00Lcd Unit Mi A1PLUS ZNF, 1 @ 1680.00 = 1680.00Lcd Unit Vivo Y27 JK, 1 @ 1950.00 = 1950.00Back Tecno SPARK 6 GO BLACK, 1 @ 300.00 = 300.00SIM TRAY VIVO Y02 BLUE, 1 @ 40.00 = 40.00","0"
"142","Fri Mar 27 2026 05:00:00 GMT+0500 (Pakistan Standard Time)","2","1","10000","81","1238","Cash received, Voucher# 202603270007Cash Sale, BillNo:1238","202603270007"
"143","Fri Mar 27 2026 05:00:00 GMT+0500 (Pakistan Standard Time)","2","0","12340","81","1239","Sale Invoice# 1239Lcd Unit Infinix X6831 ZNF, 2 @ 2050.00 = 4100.00Lcd Unit HUAWEI NOVA3I JP, 1 @ 1650.00 = 1650.00Lcd Unit Infinix X655 Z POWER, 1 @ 1620.00 = 1620.00Lcd Unit Vivo Y20 ZNF Y21, 1 @ 1700.00 = 1700.00Lcd Unit Tecno KC1 PRIMER, 1 @ 1550.00 = 1550.00Lcd Unit Infinix X6525 ZNF, 1 @ 1720.00 = 1720.00","0"
"144","Fri Mar 27 2026 05:00:00 GMT+0500 (Pakistan Standard Time)","2","1","10000","81","1239","Cash received, Voucher# 202603270008Cash Sale, BillNo:1239","202603270008"
"145","Sat Mar 28 2026 05:00:00 GMT+0500 (Pakistan Standard Time)","2","0","12630","81","1244","Sale Invoice# 1244Lcd Unit Infinix X6515 ZNF X6516, 1 @ 1680.00 = 1680.00Lcd Unit Huawei Y9P2019U JP, 1 @ 1670.00 = 1670.00Lcd Unit Oppo F11 FORCE, 1 @ 1550.00 = 1550.00Lcd Unit Oppo A5S ZNF, 1 @ 1570.00 = 1570.00Lcd Unit Vivo Y20 GC, 1 @ 1680.00 = 1680.00Lcd Unit SAMSUNG A10S GC, 1 @ 1800.00 = 1800.00Lcd Unit SAMSUNG J5 PRIME BLACK, 1 @ 1300.00 = 1300.00Battery Mi BN5G FORCE 10C BN56, 1 @ 1080.00 = 1080.00Back Vivo Y21 SKY BLUE, 1 @ 300.00 = 300.00","0"
"146","Sat Mar 28 2026 05:00:00 GMT+0500 (Pakistan Standard Time)","2","1","15000","81","1244","Cash received, Voucher# 202603280025Cash Sale, BillNo:1244","202603280025"
"147","Tue Mar 31 2026 05:00:00 GMT+0500 (Pakistan Standard Time)","2","0","7990","81","1248","Sale Invoice# 1248Lcd Unit Oppo F11 FORCE, 1 @ 1550.00 = 1550.00Lcd Unit Huawei Y9PRIME2019 MEETO, 1 @ 1650.00 = 1650.00Lcd Unit Infinix X657 ZNF, 1 @ 1550.00 = 1550.00Lcd Unit Infinix X6525 ZNF, 1 @ 1720.00 = 1720.00Lcd Unit Infinix X650 ZNF CROWN, 1 @ 1520.00 = 1520.00","0"
"148","Tue Mar 31 2026 05:00:00 GMT+0500 (Pakistan Standard Time)","2","1","15000","81","1248","Cash received, Voucher# 202603310002Cash Sale, BillNo:1248","202603310002"
"149","Tue Mar 31 2026 05:00:00 GMT+0500 (Pakistan Standard Time)","2","0","14720","81","1252","Sale Invoice# 1252Lcd Unit Vivo Y11 GC, 1 @ 1600.00 = 1600.00Lcd Unit Oppo A1KU ZNF, 1 @ 1620.00 = 1620.00Lcd Unit Vivo Y02U ZNF, 1 @ 1650.00 = 1650.00Lcd Unit Infinix X6525 ZNF, 1 @ 1720.00 = 1720.00Lcd Unit Huawei Y9PRIME2019 MEETO, 1 @ 1650.00 = 1650.00Lcd Unit Infinix X688 ZNF, 2 @ 1800.00 = 3600.00Battery SAMSUNG A12 BT A02 BT A21S BT FORCE, 1 @ 1000.00 = 1000.00SIM TRAY OPPO A15 SILVEER, 1 @ 30.00 = 30.00Back HUAWEI 8C BLACK, 1 @ 550.00 = 550.00Body Infinix X6525 GOLDENSMART 8, 1 @ 1300.00 = 1300.00","0"
"150","Tue Mar 31 2026 05:00:00 GMT+0500 (Pakistan Standard Time)","2","1","15000","81","1252","Cash received, Voucher# 202603310003Cash Sale, BillNo:1252","202603310003"
"151","Thu Apr 02 2026 05:00:00 GMT+0500 (Pakistan Standard Time)","2","0","28820","81","1257","Sale Invoice# 1257Lcd Unit Oppo F11 FORCE, 1 @ 1550.00 = 1550.00Lcd Unit Infinix X657 ZNF, 2 @ 1550.00 = 3100.00Lcd Unit Oppo A5S ZNF, 1 @ 1570.00 = 1570.00Lcd Unit Vivo Y20 ZNF Y21, 2 @ 1700.00 = 3400.00Lcd Unit Oppo A52020U ZNF, 2 @ 1580.00 = 3160.00Lcd Unit SAMSUNG A21S FUTIOR, 1 @ 1480.00 = 1480.00Lcd Unit Infinix X6525 ZNF, 1 @ 1720.00 = 1720.00Lcd Unit SAMSUNG J5 PRIME BLACK, 1 @ 1300.00 = 1300.00Lcd Unit Infinix X650 ZNF CROWN, 1 @ 1520.00 = 1520.00Lcd Unit Infinix X653U MISION, 1 @ 1450.00 = 1450.00Lcd Unit Zte A52u Zte, 1 @ 2200.00 = 2200.00ORG SHAD Iphone X ORG, 1 @ 5100.00 = 5100.00Battery Infinix 39LT SPES ZNF, 1 @ 1050.00 = 1050.00CHARGING POT Infinix X6525B, 1 @ 220.00 = 220.00","0"
"152","Thu Apr 02 2026 05:00:00 GMT+0500 (Pakistan Standard Time)","2","1","25000","81","1257","Cash received, Voucher# 202604020001Cash Sale, BillNo:1257","202604020001"
"153","Sat Apr 04 2026 05:00:00 GMT+0500 (Pakistan Standard Time)","2","0","16710","81","1262","Sale Invoice# 1262Lcd Unit Oppo A1KU ZNF, 1 @ 1620.00 = 1620.00Lcd Unit Vivo Y20 ZNF Y21, 1 @ 1700.00 = 1700.00Lcd Unit Mi REDMI 13CU ZNF, 1 @ 1750.00 = 1750.00Lcd Unit Mi A1PLUS OG OT A1 PLUS, 1 @ 1600.00 = 1600.00Lcd Unit Infinix X6511 GC, 1 @ 1670.00 = 1670.00Lcd Unit SAMSUNG A02 ZNF A12, 1 @ 1620.00 = 1620.00Lcd Unit Huawei Y9PRIME2019 MEETO, 1 @ 1650.00 = 1650.00Lcd Unit DECODE CYGNL 3 LITE, 1 @ 2000.00 = 2000.00Battery Infinix 49FX SADA, 1 @ 700.00 = 700.00Battery Iphone 6G SADA, 1 @ 650.00 = 650.00Volume Infinix X650, 1 @ 50.00 = 50.00Lcd Unit Iphone 6S BLACK, 1 @ 1700.00 = 1700.00","0"
"154","Sat Apr 04 2026 05:00:00 GMT+0500 (Pakistan Standard Time)","2","1","15000","81","1262","Cash received, Voucher# 202604040002Cash Sale, BillNo:1262","202604040002"
"155","Sat Apr 04 2026 05:00:00 GMT+0500 (Pakistan Standard Time)","2","0","25800","81","1266","Sale Invoice# 1266Incel Infinix X663 INCEL FORCE, 1 @ 1770.00 = 1770.00Lcd Unit SAMSUNG A04 GC, 1 @ 1550.00 = 1550.00Lcd Unit Vivo Y20 GC, 2 @ 1700.00 = 3400.00Lcd Unit Vivo Y90 ZNF Y91, 1 @ 1550.00 = 1550.00Lcd Unit Infinix X6816U GC, 1 @ 1870.00 = 1870.00Lcd Unit Infinix X688U GC, 1 @ 1800.00 = 1800.00Lcd Unit Oppo A3S ZNF, 1 @ 1550.00 = 1550.00Lcd Unit Infinix X650 ZNF CROWN, 1 @ 1520.00 = 1520.00Lcd Unit Oppo A52020 FORCE, 1 @ 1450.00 = 1450.00Lcd Unit Oppo F9 FORCE, 1 @ 1450.00 = 1450.00Lcd Unit Oppo F11 ZNF, 1 @ 1620.00 = 1620.00Lcd Unit Infinix X6512 OG, 1 @ 1600.00 = 1600.00Lcd Unit DECODE CYGNEL 2 LITE - CYGNEL 3 PRO, 1 @ 1850.00 = 1850.00Battery Infinix 49FX BT WOLF, 1 @ 1100.00 = 1100.00Battery Infinix 39LT FORCE, 1 @ 1020.00 = 1020.00Battery HUAWEI Y5 PRIME 2017 AAA Y6S Y5 PRIME  2018, 1 @ 700.00 = 700.00","0"
"156","Sat Apr 04 2026 05:00:00 GMT+0500 (Pakistan Standard Time)","2","1","35000","81","1266","Cash received, Voucher# 202604040005Cash Sale, BillNo:1266","202604040005"
"157","Mon Apr 06 2026 05:00:00 GMT+0500 (Pakistan Standard Time)","2","0","13230","81","1272","Sale Invoice# 1272Lcd Unit Infinix X689 FALCON, 1 @ 1850.00 = 1850.00Lcd Unit Oppo A15 ZNF C11, 1 @ 1620.00 = 1620.00Lcd Unit Infinix X650 ZNF CROWN, 2 @ 1520.00 = 3040.00Lcd Unit Oppo F9 FORCE, 1 @ 1450.00 = 1450.00Lcd Unit Oppo A15 ZNF C11, 1 @ 1620.00 = 1620.00Incel Vivo S1 INCELL, 1 @ 1750.00 = 1750.00CAMERA LENS Infinix X689, 1 @ 50.00 = 50.00Lcd Unit DECODE CYGNEL 2 LITE - CYGNEL 3 PRO, 1 @ 1850.00 = 1850.00","0"
"158","Tue Apr 07 2026 05:00:00 GMT+0500 (Pakistan Standard Time)","2","0","16110","81","1276","Sale Invoice# 1276Lcd Unit Oppo A1K FORCE, 1 @ 1580.00 = 1580.00Lcd Unit Mi 9AU ZNF 9CU, 1 @ 1600.00 = 1600.00Lcd Unit Infinix X657 ZNF, 1 @ 1550.00 = 1550.00Lcd Unit Vivo Y20 ZNF Y21, 2 @ 1700.00 = 3400.00Lcd Unit Infinix X6511 360, 1 @ 1650.00 = 1650.00Lcd Unit Mi A1 PLUSU JK FORCE, 1 @ 1530.00 = 1530.00Lcd Unit Infinix X682 GC, 1 @ 1970.00 = 1970.00Lcd Unit Infinix X689U JP, 1 @ 1650.00 = 1650.00Battery Infinix 58BX FORCE X680, 1 @ 1180.00 = 1180.00","0"
"159","Tue Apr 07 2026 05:00:00 GMT+0500 (Pakistan Standard Time)","2","1","30000","81","0","Cash received, Voucher# 20260407000715000 07.04.26

15000 08.04.26","202604070007"
"160","Tue Apr 07 2026 05:00:00 GMT+0500 (Pakistan Standard Time)","2","0","13110","81","1277","Sale Invoice# 1277Lcd Unit Infinix X6812 GC X6815, 1 @ 1950.00 = 1950.00Lcd Unit Infinix X657 CROWN, 1 @ 1570.00 = 1570.00Lcd Unit Infinix X655 GC, 1 @ 1780.00 = 1780.00Lcd Unit Infinix X682 GC, 1 @ 1970.00 = 1970.00Lcd Unit Huawei Y7PRIME2018U, 1 @ 1500.00 = 1500.00Lcd Unit Vivo Y03 GM  FORCE, 1 @ 1550.00 = 1550.00Lcd Unit Vivo V9U GC, 1 @ 1620.00 = 1620.00Back Tecno SPARK10C BACK, 1 @ 420.00 = 420.00Mid  Back Vivo Y03 MIDBACK BLACK, 1 @ 750.00 = 750.00","0"
"161","Tue Apr 07 2026 05:00:00 GMT+0500 (Pakistan Standard Time)","2","1","15000","81","1277","Cash received, Voucher# 202604070008Cash Sale, BillNo:1277","202604070008"
"162","Thu Apr 09 2026 05:00:00 GMT+0500 (Pakistan Standard Time)","2","0","7170","81","1286","Sale Invoice# 1286Lcd Unit Vivo Y03 GM  FORCE, 1 @ 1550.00 = 1550.00Lcd Unit Infinix X682 GC, 1 @ 1970.00 = 1970.00Lcd Unit Infinix X680 ZNF, 1 @ 1800.00 = 1800.00Lcd Unit Infinix X650 ZNF CROWN, 1 @ 1550.00 = 1550.00Back Tecno SPARK 6 GO BLACK, 1 @ 300.00 = 300.00","0"
"163","Thu Apr 09 2026 05:00:00 GMT+0500 (Pakistan Standard Time)","2","1","10000","81","1286","Cash received, Voucher# 202604090010Cash Sale, BillNo:1286","202604090010"
"164","Fri Apr 10 2026 05:00:00 GMT+0500 (Pakistan Standard Time)","2","0","9420","81","1290","Sale Invoice# 1290Lcd Unit Vivo Y11 ZNF GC, 1 @ 1620.00 = 1620.00Lcd Unit Infinix X682 GC, 1 @ 1970.00 = 1970.00Lcd Unit Infinix X6515 ZNF X6516, 1 @ 1680.00 = 1680.00Lcd Unit Infinix X6810 FUTER, 1 @ 2000.00 = 2000.00Incel SAMSUNG A51 INCEL, 1 @ 2150.00 = 2150.00","0"
"165","Sat Apr 11 2026 05:00:00 GMT+0500 (Pakistan Standard Time)","2","0","27340","81","1293","Sale Invoice# 1293Lcd Unit Vivo Y20 GC, 2 @ 1700.00 = 3400.00Lcd Unit Infinix X682 WD, 1 @ 1820.00 = 1820.00Lcd Unit Oppo A53 A54 CROWN, 1 @ 1800.00 = 1800.00Lcd Unit Infinix X688U GC, 1 @ 1800.00 = 1800.00Lcd Unit Oppo A52020U ZNF, 2 @ 1570.00 = 3140.00Lcd Unit Infinix X6525 ZNF, 2 @ 1720.00 = 3440.00Lcd Unit Huawei Y9PRIME2019 MEETO, 1 @ 1650.00 = 1650.00Lcd Unit Infinix X6831 ZNF, 2 @ 1970.00 = 3940.00Lcd Unit Infinix X6515 ZNF X6516, 1 @ 1680.00 = 1680.00Lcd Unit SAMSUNG A02S ZNF A03S, 1 @ 1620.00 = 1620.00Lcd Unit Infinix X657 ZNF, 1 @ 1550.00 = 1550.00Lcd Unit Infinix X662 JK, 1 @ 1500.00 = 1500.00","0"
"166","Sat Apr 11 2026 05:00:00 GMT+0500 (Pakistan Standard Time)","2","1","30000","81","1293","Cash received, Voucher# 202604110015Cash Sale, BillNo:1293","202604110015"
"167","Tue Apr 14 2026 05:00:00 GMT+0500 (Pakistan Standard Time)","2","0","17420","81","1309","Sale Invoice# 1309Lcd Unit SAMSUNG A13  OG GCB OT, 1 @ 1620.00 = 1620.00Lcd Unit Infinix X650 ZNF CROWN, 2 @ 1550.00 = 3100.00Lcd Unit SAMSUNG A02S ZNF A03S, 1 @ 1620.00 = 1620.00Lcd Unit Infinix X688 ZNF, 1 @ 1800.00 = 1800.00Lcd Unit Infinix X657 ZNF, 2 @ 1550.00 = 3100.00Lcd Unit SAMSUNG J4 PLUS J6 PLUS KING, 1 @ 1480.00 = 1480.00Lcd Unit Vivo Y20 ZNF Y21, 2 @ 1700.00 = 3400.00Lcd Unit SAMSUNG J5 PRIME BLACK, 1 @ 1300.00 = 1300.00","0"
"168","Tue Apr 14 2026 05:00:00 GMT+0500 (Pakistan Standard Time)","2","1","20000","81","1309","Cash received, Voucher# 202604140009Cash Sale, BillNo:1309","202604140009"
"169","Tue Apr 14 2026 05:00:00 GMT+0500 (Pakistan Standard Time)","10","0","30","81","1309","Discount on sale invoice# 1309","202604140009"
"170","Tue Apr 14 2026 05:00:00 GMT+0500 (Pakistan Standard Time)","2","0","10300","81","1310","Sale Invoice# 1310Lcd Unit Infinix X6831 GC X6833, 1 @ 1950.00 = 1950.00Lcd Unit Vivo Y20 ZNF Y21, 1 @ 1700.00 = 1700.00Lcd Unit Infinix X688 ZNF, 1 @ 1800.00 = 1800.00Lcd Unit Infinix X657 ZNF, 1 @ 1550.00 = 1550.00Lcd Unit Samsung A05U ZNF, 1 @ 1750.00 = 1750.00Lcd Unit Oppo A3S ZNF, 1 @ 1550.00 = 1550.00","0"
"171","Tue Apr 14 2026 05:00:00 GMT+0500 (Pakistan Standard Time)","2","1","10000","81","1310","Cash received, Voucher# 202604140010Cash Sale, BillNo:1310","202604140010"
"172","Thu Apr 16 2026 05:00:00 GMT+0500 (Pakistan Standard Time)","2","0","4930","81","1317","Sale Invoice# 1317Lcd Unit Oppo A15 ZNF C11, 1 @ 1630.00 = 1630.00Lcd Unit Infinix X6816 ZNF X6817, 1 @ 1850.00 = 1850.00Battery Oppo A53 FORCE A16, 1 @ 1100.00 = 1100.00Back Infinix X688  BLACK, 1 @ 350.00 = 350.00","0"
"173","Thu Apr 16 2026 05:00:00 GMT+0500 (Pakistan Standard Time)","2","1","10000","81","1317","Cash received, Voucher# 202604160001Cash Sale, BillNo:1317","202604160001"
"174","Fri Apr 17 2026 05:00:00 GMT+0500 (Pakistan Standard Time)","2","0","16240","81","1322","Sale Invoice# 1322Incel SAMSUNG A53 INCELL, 1 @ 2450.00 = 2450.00Lcd Unit Infinix X6812 GC X6815, 2 @ 1950.00 = 3900.00Lcd Unit Oppo A52020U ZNF, 1 @ 1570.00 = 1570.00Lcd Unit Oppo A5S GC, 1 @ 1600.00 = 1600.00Lcd Unit Vivo Y20 GC, 1 @ 1700.00 = 1700.00Lcd Unit Vivo V9U GC, 1 @ 1620.00 = 1620.00Lcd Unit Infinix X655 GC, 1 @ 1780.00 = 1780.00Lcd Unit Oppo A15 C11 A16 GC, 1 @ 1620.00 = 1620.00","0"
"175","Fri Apr 17 2026 05:00:00 GMT+0500 (Pakistan Standard Time)","2","1","15000","81","1322","Cash received, Voucher# 202604170001Cash Sale, BillNo:1322","202604170001"
"176","Sun Apr 19 2026 05:00:00 GMT+0500 (Pakistan Standard Time)","2","0","12430","81","1328","Sale Invoice# 1328Lcd Unit Infinix X6511 GC, 1 @ 1650.00 = 1650.00Lcd Unit Infinix X682 ZNF, 1 @ 1950.00 = 1950.00Lcd Unit Vivo Y19U ZNF, 1 @ 1650.00 = 1650.00Lcd Unit Oppo A15 ZNF C11, 1 @ 1630.00 = 1630.00Lcd Unit Infinix X680 ZNF, 1 @ 1800.00 = 1800.00Lcd Unit Oppo F11 ZNF, 1 @ 1650.00 = 1650.00Lcd Unit Vivo Y02U ZNF, 1 @ 1650.00 = 1650.00CHARGING POT Vivo Y17 IC, 1 @ 220.00 = 220.00Charging Pot Mi A1 PLUS IC, 1 @ 230.00 = 230.00","0"
"177","Sun Apr 19 2026 05:00:00 GMT+0500 (Pakistan Standard Time)","2","0","15420","81","1330","Sale Invoice# 1330Lcd Unit Vivo Y90 ZNF Y91, 1 @ 1550.00 = 1550.00Lcd Unit Infinix X6515 ZNF X6516, 1 @ 1680.00 = 1680.00Lcd Unit Infinix X6831 ZNF, 1 @ 1970.00 = 1970.00Lcd Unit Infinix X6511 GC, 1 @ 1650.00 = 1650.00Lcd Unit Infinix X6816 ZNF X6817, 1 @ 1850.00 = 1850.00Lcd Unit Samsung A14U ZNF 5G, 1 @ 1750.00 = 1750.00Incel Vivo V21 INCELL, 1 @ 1950.00 = 1950.00Lcd Unit Infinix X680 ZNF, 1 @ 1800.00 = 1800.00Battery Oppo A5S BT GOLD, 1 @ 800.00 = 800.00Back Oppo A3S 16 GB BLACK, 1 @ 420.00 = 420.00","0"
"178","Sun Apr 19 2026 05:00:00 GMT+0500 (Pakistan Standard Time)","2","1","20000","81","1330","Cash received, Voucher# 202604190001Cash Sale, BillNo:1330","202604190001"
"179","Sun Apr 19 2026 05:00:00 GMT+0500 (Pakistan Standard Time)","2","0","8710","81","1331","Sale Invoice# 1331Lcd Unit Infinix X6525 ZNF, 1 @ 1720.00 = 1720.00Lcd Unit Infinix X682 ZNF, 1 @ 1950.00 = 1950.00Lcd Unit Vivo Y28 GC, 1 @ 1900.00 = 1900.00Lcd Unit Infinix X680 ZNF, 1 @ 1800.00 = 1800.00Back Infinix X682 BLACK, 1 @ 320.00 = 320.00Battery Infinix 39LT FORCE, 1 @ 1020.00 = 1020.00","0"
"180","Sun Apr 19 2026 05:00:00 GMT+0500 (Pakistan Standard Time)","2","1","20000","81","0","Cash received, Voucher# 20260419000219.04.26
20.04.26 ","202604190002"
"181","Mon Apr 20 2026 05:00:00 GMT+0500 (Pakistan Standard Time)","2","0","17120","81","1336","Sale Invoice# 1336Lcd Unit Infinix X6816 ZNF X6817, 1 @ 1850.00 = 1850.00Lcd Unit Infinix X650 ZNF CROWN, 1 @ 1530.00 = 1530.00Lcd Unit Vivo Y90 ZNF Y91, 1 @ 1550.00 = 1550.00Lcd Unit Mi A3NEWU ZNF, 1 @ 1800.00 = 1800.00Lcd Unit Oppo A53 ZNF A54, 1 @ 1800.00 = 1800.00Lcd Unit Vivo Y28 GC, 1 @ 1900.00 = 1900.00Lcd Unit Vivo Y20 ZNF Y21, 1 @ 1670.00 = 1670.00Lcd Unit SAMSUNG A21S FUTIOR, 1 @ 1480.00 = 1480.00Lcd Unit Infinix X657 ZNF, 1 @ 1570.00 = 1570.00Lcd Unit Oppo A5S ZNF, 1 @ 1550.00 = 1550.00Back Oppo A3S 16 GB BLACK, 1 @ 420.00 = 420.00","0"
"182","Mon Apr 20 2026 05:00:00 GMT+0500 (Pakistan Standard Time)","2","1","15000","81","1336","Cash received, Voucher# 202604200001Cash Sale, BillNo:1336","202604200001"
"183","Mon Apr 20 2026 05:00:00 GMT+0500 (Pakistan Standard Time)","2","0","12150","81","1339","Sale Invoice# 1339Lcd Unit Infinix X6511 GC, 1 @ 1650.00 = 1650.00Lcd Unit Infinix X682 GC, 1 @ 1950.00 = 1950.00Lcd Unit Vivo Y19U ZNF, 1 @ 1650.00 = 1650.00Lcd Unit Oppo A15 ZNF C11, 1 @ 1620.00 = 1620.00Lcd Unit Infinix X680 ZNF, 1 @ 1750.00 = 1750.00Lcd Unit Oppo F11 ZNF, 1 @ 1650.00 = 1650.00Lcd Unit Vivo Y02U ZNF, 1 @ 1650.00 = 1650.00Charging Pot Mi A1 PLUS IC, 1 @ 230.00 = 230.00","0"
"184","Mon Apr 20 2026 05:00:00 GMT+0500 (Pakistan Standard Time)","2","1","10000","81","1339","Cash received, Voucher# 202604200003Cash Sale, BillNo:1339","202604200003"
"185","Tue Apr 21 2026 05:00:00 GMT+0500 (Pakistan Standard Time)","2","0","23750","81","1341","Sale Invoice# 1341Lcd Unit Mi REDMI 10C 12C GC, 1 @ 1750.00 = 1750.00Lcd Unit Infinix X650 CROWN, 1 @ 1550.00 = 1550.00Lcd Unit Vivo Y20 ZNF Y21, 1 @ 1670.00 = 1670.00Lcd Unit SAMSUNG A02S GC, 1 @ 1630.00 = 1630.00Battery Mi BN51 AAA, 1 @ 850.00 = 850.00Lcd Unit Huawei P20 LITE HX, 10 @ 1630.00 = 16300.00","0"
"186","Tue Apr 21 2026 05:00:00 GMT+0500 (Pakistan Standard Time)","2","1","8000","81","1341","Cash received, Voucher# 202604210001Cash Sale, BillNo:1341","202604210001"
"187","Wed Apr 22 2026 05:00:00 GMT+0500 (Pakistan Standard Time)","2","0","18290","81","1349","Sale Invoice# 1349Lcd Unit Huawei Y6S Y6PRIME2019 DULUX, 1 @ 1650.00 = 1650.00Lcd Unit SAMSUNG A04S GC COPY, 1 @ 1550.00 = 1550.00Lcd Unit Infinix X6525 ZNF, 1 @ 1720.00 = 1720.00Lcd Unit Itel VISION3U GC, 1 @ 1650.00 = 1650.00Lcd Unit Oppo A83 ZNF, 1 @ 1650.00 = 1650.00Lcd Unit Infinix X657 ZNF, 2 @ 1570.00 = 3140.00Lcd Unit Oppo A53 ZNF A54, 1 @ 1800.00 = 1800.00Lcd Unit Infinix X680 ZNF, 1 @ 1750.00 = 1750.00Lcd Unit Vivo V9 ZNF Y85, 1 @ 1650.00 = 1650.00Lcd Unit Vivo Y20 ZNF Y21, 1 @ 1670.00 = 1670.00SIM TRAY SAMSUNG S10 SILVER, 1 @ 60.00 = 60.00","0"
"188","Wed Apr 22 2026 05:00:00 GMT+0500 (Pakistan Standard Time)","2","1","10000","81","1349","Cash received, Voucher# 202604220010Cash Sale, BillNo:1349","202604220010"
"189","Fri Apr 24 2026 05:00:00 GMT+0500 (Pakistan Standard Time)","2","0","15710","81","1354","Sale Invoice# 1354Lcd Unit Infinix X689U JP, 1 @ 1800.00 = 1800.00Lcd Unit Infinix X680 ZNF, 1 @ 1750.00 = 1750.00Lcd Unit Vivo Y20 ZNF Y21, 1 @ 1670.00 = 1670.00Incel Infinix X663 INCEL FORCE, 1 @ 1770.00 = 1770.00Lcd Unit Oppo A53 ZNF A54, 1 @ 1800.00 = 1800.00Lcd Unit Infinix X682 ZNF, 1 @ 1950.00 = 1950.00Lcd Unit Infinix X6515 ZNF X6516, 2 @ 1650.00 = 3300.00Lcd Unit Oppo A57 NEW  ZNF, 1 @ 1670.00 = 1670.00","0"
"190","Fri Apr 24 2026 05:00:00 GMT+0500 (Pakistan Standard Time)","2","1","18000","81","1354","Cash received, Voucher# 202604240002Cash Sale, BillNo:1354","202604240002"